id,시군구코드,행정구역(구별),상세영업상태명,폐업일자,업태구분명,소재지면적,지번주소,좌표정보(X),좌표정보(Y)
8589934592,11590,동작구,폐업,20191007,한식,34.25,서울특별시 동작구 상도동 493-9번지 중앙양행(주),195871.905226654,443612.771681641
8589934593,11590,동작구,영업,"",양식,47.42,서울특별시 동작구 상도1동 389-16번지 계경목장,195418.767332862,444326.536770099
8589934594,11590,동작구,영업,"",한식,37.50,서울특별시 동작구 상도1동 266-1 희망하이츠빌,195871.905226654,443612.771681641
8589934595,11590,동작구,폐업,20191210,양식,30.18,서울특별시 동작구 상도동 503-3번지,196065.509189238,443632.662150156
8589934596,11590,동작구,영업,"",기타,150.80,서울특별시 동작구 흑석동 102-1,196641.493345006,445096.135225034
8589934597,11590,동작구,영업,"",한식,15.00,서울특별시 동작구 흑석동 95-12번지,196631.133781632,444891.834623037
8589934598,11590,동작구,영업,"",횟집,206.01,서울특별시 동작구 노량진동 119-159번지 태화여인숙,195037.888513947,445484.370240483
8589934599,11590,동작구,폐업,20180814,중식,30.00,서울특별시 동작구 신대방동 685-12번지 장안빌딩,191739.328430363,442924.562521885
8589934600,11590,동작구,영업,"",기타,30.00,서울특별시 동작구 사당동 77-63,198240.488879447,443069.483842753
8589934601,11590,동작구,폐업,20181010,치킨,30.00,서울특별시 동작구 상도동 296-1번지,193897.265054004,443871.91801515
8589934602,11590,동작구,폐업,20180824,횟집,107.67,서울특별시 동작구 사당동 1007-30번지,198273.765238982,442303.635382462
8589934603,11590,동작구,영업,"",일식,90.14,서울특별시 동작구 노량진동 31-18,194327.149708859,445623.835477523
8589934604,11590,동작구,영업,"",치킨,84.70,서울특별시 동작구 상도동 208-19,194950.291163284,444089.075784413
8589934605,11590,동작구,영업,"",기타,52.00,서울특별시 동작구 사당동 1019-21번지,198277.018931344,442093.193408128
8589934606,11590,동작구,영업,"",치킨,33.00,서울특별시 동작구 사당동 319-40번지,197786.164673099,442181.32996755
8589934607,11590,동작구,영업,"",한식,23.13,서울특별시 동작구 사당동 252-10 큰빛교회,197524.801066583,442487.980099824
8589934608,11590,동작구,영업,"",일식,63.36,서울특별시 동작구 사당동 89-26,198284.751826686,442973.751449966
8589934609,11590,동작구,영업,"",기타,52.00,서울특별시 동작구 사당동 269-13,197329.657237265,442391.347691827
8589934610,11590,동작구,영업,"",기타,47.52,서울특별시 동작구 상도동 202-185,194609.911738095,444154.436085602
8589934611,11590,동작구,영업,"",한식,36.00,서울특별시 동작구 신대방동 692-50번지,192128.963892222,442847.133984306
8589934612,11590,동작구,폐업,20190712,일식,56.24,서울특별시 동작구 상도동 474번지,195710.779063626,443878.441567935
8589934613,11590,동작구,폐업,20181204,외국음식전문점,82.00,서울특별시 동작구 대방동 393-62번지,193556.22254697,444246.364147406
8589934614,11590,동작구,영업,"",기타,32.00,서울특별시 동작구 신대방동 719번지 동작상떼빌아파트,191691.678396263,442818.113681285
8589934615,11590,동작구,영업,"",한식,22.87,서울특별시 동작구 상도동 495-12,195894.44298195,443588.695431643
8589934616,11590,동작구,영업,"",치킨,50.00,서울특별시 동작구 상도동 169-31,194806.841614809,444712.326385815
8589934617,11590,동작구,폐업,20191104,기타,33.00,서울특별시 동작구 상도1동 771-1번지,195410.524784739,444441.373007446
8589934618,11590,동작구,영업,"",한식,40.00,서울특별시 동작구 사당동 1006-4번지,198159.340621027,442434.068093953
8589934619,11590,동작구,영업,"",한식,497.30,서울특별시 동작구 흑석동 97-1번지 우리은행흑석동지점,196643.539904335,445042.374578651
8589934620,11590,동작구,영업,"",기타,45.00,서울특별시 동작구 상도동 308-12,193873.693784755,443954.207710408
8589934621,11590,동작구,폐업,20191001,치킨,15.00,서울특별시 동작구 노량진동 306-10번지,194544.574482093,445119.694756254
8589934622,11590,동작구,폐업,20190909,한식,122.54,서울특별시 동작구 신대방동 588-7번지 성훈빌딩,191837.110541898,443185.128765824
8589934623,11590,동작구,폐업,20191015,한식,36.30,서울특별시 동작구 사당동 73-6번지,198258.386692326,443152.103532321
8589934624,11590,동작구,영업,"",한식,40.00,서울특별시 동작구 상도1동 780-2번지 동현빌딩,195354.700007406,444424.00374691
8589934625,11590,동작구,영업,"",치킨,20.00,서울특별시 동작구 상도동 261-1 수도보습학원,194166.91633856,443966.39545906
8589934626,11590,동작구,영업,"",한식,18.00,서울특별시 동작구 사당동 1032-45,198124.336387324,441828.540978652
8589934627,11590,동작구,영업,"",중식,64.32,서울특별시 동작구 상도동 502-8번지,196008.63283018,443676.411192577
8589934628,11590,동작구,영업,"",한식,52.06,서울특별시 동작구 대방동 394-2번지 진성마블로스,193524.249746013,444197.740474193
8589934629,11590,동작구,영업,"",한식,30.00,서울특별시 동작구 사당동 265-46,197551.026695285,442286.636862794
8589934630,11590,동작구,폐업,20190529,한식,23.00,서울특별시 동작구 신대방동 601-33번지,191948.400369861,443037.460043997
8589934631,11590,동작구,폐업,20180717,한식,75.00,서울특별시 동작구 대방동 386-4번지,193149.639888746,444700.296130218
8589934632,11590,동작구,영업,"",한식,119.19,서울특별시 동작구 사당동 708-366,197580.429824825,442401.456496301
8589934633,11590,동작구,폐업,20190320,기타,23.00,서울특별시 동작구 사당동 203-16번지,196946.39352681,442852.376849226
8589934634,11590,동작구,영업,"",기타,48.00,서울특별시 동작구 사당동 1007-6번지,198258.848088523,442428.028009183
8589934635,11590,동작구,폐업,20180903,한식,84.27,서울특별시 동작구 대방동 415-8번지,192961.024575636,444049.788129053
8589934636,11590,동작구,영업,"",한식,56.00,서울특별시 동작구 사당동 223-6번지,197199.087500601,442518.743943049
8589934637,11590,동작구,영업,"",한식,18.37,서울특별시 동작구 본동 384-7번지,195598.428288103,445548.049590328
8589934638,11590,동작구,폐업,20190814,치킨,20.00,서울특별시 동작구 신대방동 605-11번지,191953.183822511,442989.403724737
8589934639,11590,동작구,영업,"",기타,33.00,서울특별시 동작구 사당동 267-46,197364.542081086,442394.160679372
8589934640,11590,동작구,영업,"",한식,156.00,서울특별시 동작구 흑석동 181-11번지,196500.596056276,445150.066627048
8589934641,11590,동작구,영업,"",한식,30.54,서울특별시 동작구 사당동 145-16번지,198226.093516035,442622.989084106
8589934642,11590,동작구,영업,"",치킨,45.92,서울특별시 동작구 노량진동 60-29번지 리바트가구,194634.262129175,445725.561645154
8589934643,11590,동작구,영업,"",양식,35.00,서울특별시 동작구 노량진동 90-1 홍문관서적,194977.025594352,445592.341055658
8589934644,11590,동작구,영업,"",기타,59.00,서울특별시 동작구 대방동 417-9번지 영국빌딩,192911.66224064,444059.412036206
8589934645,11590,동작구,영업,"",기타,44.27,서울특별시 동작구 상도동 477-14 영창삼익피아노,195727.448005264,443978.083850234
8589934646,11590,동작구,영업,"",기타,67.90,서울특별시 동작구 본동 48-31 천사피아노학원,195924.893416955,445481.740313419
8589934647,11590,동작구,영업,"",기타,74.15,서울특별시 동작구 사당동 224-11,197153.800584119,442603.790302725
8589934648,11590,동작구,폐업,20190109,분식,35.00,서울특별시 동작구 상도1동 739-1번지,195296.078261221,444477.122017233
8589934649,11590,동작구,영업,"",중식,98.05,서울특별시 동작구 흑석동 190-49번지 2층3층,196361.779273252,445025.135161354
8589934650,11590,동작구,영업,"",분식,18.00,서울특별시 동작구 사당동 139-22번지,198178.761818592,442801.643316495
8589934651,11590,동작구,영업,"",한식,59.40,서울특별시 동작구 상도동 34-8번지 명승빌딩,195182.805921417,444691.573625574
8589934652,11590,동작구,영업,"",기타,36.00,서울특별시 동작구 상도동 210-35번지,194975.332176046,443940.024061341
8589934653,11590,동작구,영업,"",기타,139.43,서울특별시 동작구 상도동 471-8번지,195608.081234292,443911.095380321
8589934654,11590,동작구,영업,"",일식,42.90,서울특별시 동작구 상도동 502-1번지,196075.398875996,443649.225304496
8589934655,11590,동작구,영업,"",기타,69.61,서울특별시 동작구 사당동 167-19번지 래미안 로이파크 B107호,197527.637381511,442943.750542568
8589934656,11590,동작구,영업,"",한식,16.00,서울특별시 동작구 흑석동 50-21번지,196775.09686402,445050.985784999
8589934657,11590,동작구,영업,"",치킨,30.00,서울특별시 동작구 노량진동 120-6,195018.562855975,445402.33110714
8589934658,11590,동작구,영업,"",한식,95.21,서울특별시 동작구 상도동 314-13번지,193978.193655711,444143.280007029
8589934659,11590,동작구,폐업,20191118,한식,61.83,서울특별시 동작구 상도동 204-3번지,194823.405111154,444217.291354463
8589934660,11590,동작구,폐업,20181001,일식,26.73,서울특별시 동작구 노량진동 119-143번지,195018.03777452,445544.683510951
8589934661,11590,동작구,영업,"",양식,37.00,서울특별시 동작구 노량진동 119-143번지,195018.03777452,445544.683510951
8589934662,11590,동작구,폐업,20190529,기타,105.56,서울특별시 동작구 흑석동 189-7번지,196394.963261683,445064.870895677
8589934663,11590,동작구,영업,"",치킨,24.00,서울특별시 동작구 사당동 1026-13번지,198026.06639262,442049.626655548
8589934664,11590,동작구,영업,"",횟집,39.60,서울특별시 동작구 상도동 323-25번지,193655.248380486,444043.967751385
8589934665,11590,동작구,폐업,20181112,외국음식전문점,96.72,서울특별시 동작구 노량진동 148-65번지,195071.969914737,445668.622994655
8589934666,11590,동작구,영업,"",기타,18.00,서울특별시 동작구 노량진동 119-143번지,195018.03777452,445544.683510951
8589934667,11590,동작구,영업,"",한식,66.00,서울특별시 동작구 노량진동 232-19번지,194671.275256604,445358.786247549
8589934668,11590,동작구,영업,"",기타,36.76,서울특별시 동작구 상도동 208-23 에비뉴빌,194907.666335848,444125.649258933
8589934669,11590,동작구,영업,"",양식,28.05,서울특별시 동작구 상도동 201-43,194761.832383654,444245.029425709
8589934670,11590,동작구,영업,"",일식,102.00,서울특별시 동작구 상도동 501번지 동호빌딩,195989.330187899,443681.207125453
8589934671,11590,동작구,영업,"",기타,26.45,서울특별시 동작구 노량진동 307-167,194617.696410349,445138.97995878
8589934672,11590,동작구,영업,"",기타,23.00,서울특별시 동작구 사당동 1038-49번지,198088.753311719,441829.393333872
8589934673,11590,동작구,영업,"",기타,22.58,서울특별시 동작구 사당동 708-594,198282.612620993,442696.269843357
8589934674,11590,동작구,영업,"",분식,199.16,서울특별시 동작구 노량진동 119-143,195018.03777452,445544.683510951
8589934675,11590,동작구,영업,"",한식,33.00,서울특별시 동작구 사당동 139-88,198253.499030944,442749.776654521
8589934676,11590,동작구,영업,"",식육(고깃집),20.00,서울특별시 동작구 사당동 1001-1번지 남서울체육관,197871.329939938,442356.950382633
8589934677,11590,동작구,영업,"",중식,62.51,서울특별시 동작구 흑석동 184-19,196460.321428494,445092.998720615
8589934678,11590,동작구,영업,"",분식,97.80,서울특별시 동작구 신대방동 395-69 보라매아카데미타워,193218.36400997,443239.581054145
8589934679,11590,동작구,영업,"",기타,59.00,서울특별시 동작구 대방동 386-23번지,193154.411422174,444663.725338992
8589934680,11590,동작구,영업,"",치킨,15.08,서울특별시 동작구 노량진동 90-8,194984.918551293,445578.948078228
8589934681,11590,동작구,영업,"",기타,165.28,서울특별시 동작구 신대방동 346-10,193595.176215318,443991.902550344
8589934682,11590,동작구,영업,"",기타,64.46,서울특별시 동작구 상도동 199-25,194463.699252832,444258.090973002
8589934683,11590,동작구,영업,"",양식,106.94,서울특별시 동작구 신대방동 395-69 보라매아카데미타워,193218.36400997,443239.581054145
8589934684,11590,동작구,영업,"",치킨,26.00,서울특별시 동작구 사당동 143-5,198121.915814291,442554.111487595
8589934685,11590,동작구,영업,"",일식,59.40,서울특별시 동작구 신대방동 607-28번지,191744.078521535,443034.73724398
8589934686,11590,동작구,영업,"",기타,75.90,서울특별시 동작구 노량진동 148-89번지,195110.94300117,445695.614065476
8589934687,11590,동작구,폐업,20190820,한식,75.00,서울특별시 동작구 대방동 386-4번지,193149.639888746,444700.296130218
8589934688,11590,동작구,영업,"",기타,10.38,서울특별시 동작구 노량진동 72-48번지 노량진센타빌딩,194910.536599696,445687.022960583
8589934689,11590,동작구,영업,"",기타,171.12,서울특별시 동작구 동작동 316-3 동작대교 전망카페,198139.421023322,444820.586894305
8589934690,11590,동작구,영업,"",한식,26.20,서울특별시 동작구 노량진동 258-20,194243.225835089,445583.108378568
8589934691,11590,동작구,영업,"",일식,26.00,서울특별시 동작구 사당동 1006-7번지,198187.510249598,442431.99253657
8589934692,11590,동작구,영업,"",치킨,32.80,서울특별시 동작구 흑석동 181-1번지 한신빌딩,196547.688324123,445149.179768964
8589934693,11590,동작구,영업,"",기타,55.08,서울특별시 동작구 사당동 262-21번지,197470.249137086,442599.318492207
8589934694,11590,동작구,폐업,20191210,치킨,38.94,서울특별시 동작구 상도동 503-3번지,196065.509189238,443632.662150156
8589934695,11590,동작구,영업,"",한식,45.30,서울특별시 동작구 신대방동 698 신라스테이해링턴타워,191481.81674639,442602.765890516
8589934696,11590,동작구,영업,"",양식,52.65,서울특별시 동작구 대방동 349-5번지,193547.515174967,445485.773702362
8589934697,11590,동작구,영업,"",기타,99.00,서울특별시 동작구 대방동 386-28번지 오벌빌딩,193126.089215151,444672.972231108
8589934698,11590,동작구,영업,"",한식,18.00,서울특별시 동작구 사당동 257-27,197546.704454594,442426.359515316
8589934699,11590,동작구,폐업,20191101,중식,33.00,서울특별시 동작구 흑석동 95-214번지,196326.617863127,445052.382004263
8589934700,11590,동작구,영업,"",한식,36.80,서울특별시 동작구 상도동 363-164 상도 휴엔하임,194443.209845242,444754.236227234
8589934701,11590,동작구,영업,"",분식,118.88,서울특별시 동작구 상도동 264-35 고려빌딩,194220.082252508,443953.328297995
8589934702,11590,동작구,영업,"",한식,13.20,서울특별시 동작구 흑석동 54-151,196662.805320727,444928.428582818
8589934703,11590,동작구,영업,"",일식,86.00,서울특별시 동작구 대방동 395-18 헬로우빌딩,193373.084765459,444204.330035644
8589934704,11590,동작구,영업,"",기타,46.79,서울특별시 동작구 상도동 54-26번지,195801.211456745,444644.508821312
8589934705,11590,동작구,영업,"",기타,6.60,서울특별시 동작구 대방동 501번지 대림아파트(분산상가동),193273.484014052,445011.250115029
8589934706,11590,동작구,영업,"",기타,70.99,서울특별시 동작구 신대방동 361-40번지 한가족교회,193149.333539039,443984.499838705
8589934707,11590,동작구,영업,"",분식,28.00,서울특별시 동작구 상도동 324-72번지 대룡빌딩,193672.515503924,444092.02910285
8589934708,11590,동작구,영업,"",기타,19.60,서울특별시 동작구 사당동 105번지 신동아아파트,197802.054854046,443049.47147487
8589934709,11590,동작구,영업,"",기타,33.00,서울특별시 동작구 상도동 370-14번지,194625.057324422,444784.962139728
8589934710,11590,동작구,영업,"",치킨,33.00,서울특별시 동작구 사당동 1041-12번지 천보빌딩,198181.324162906,441694.294131762
8589934711,11590,동작구,영업,"",분식,24.00,서울특별시 동작구 사당동 1030-20번지,198279.266223055,442017.925073828
8589934712,11590,동작구,영업,"",치킨,56.41,서울특별시 동작구 상도동 22-1 대화빌딩,195234.609572989,444855.902072871
8589934713,11590,동작구,영업,"",한식,25.95,서울특별시 동작구 노량진동 216-12번지,195263.745241298,445130.696713836
8589934714,11590,동작구,영업,"",기타,48.80,서울특별시 동작구 사당동 1007-47번지 사당셀프주유소,198297.486035411,442324.299286581
8589934715,11590,동작구,폐업,20190411,일식,9.90,서울특별시 동작구 사당동 136-1번지 태평백화점,198303.527071078,442742.422887932
8589934716,11590,동작구,영업,"",기타,50.00,서울특별시 동작구 상도동 246-2,194084.216123218,444295.009448209
8589934717,11590,동작구,영업,"",기타,23.00,서울특별시 동작구 상도동 246-2,194084.216123218,444295.009448209
8589934718,11590,동작구,영업,"",기타,58.59,서울특별시 동작구 상도동 33-14번지 청원기획,195208.050661981,444646.543102786
8589934719,11590,동작구,영업,"",분식,42.70,서울특별시 동작구 사당동 167-19번지 래미안 로이파크,197527.637381511,442943.750542568
8589934720,11590,동작구,영업,"",기타,33.00,서울특별시 동작구 대방동 388-21번지 강남학생백화점,193060.48880886,444532.435305465
8589934721,11590,동작구,영업,"",횟집,96.00,서울특별시 동작구 대방동 23 삼하빌딩,193934.599770526,445554.19659299
8589934722,11590,동작구,영업,"",한식,29.70,서울특별시 동작구 상도동 463-2번지 이화빌딩,195634.200150959,444147.145654118
8589934723,11590,동작구,폐업,20190730,한식,21.90,서울특별시 동작구 노량진동 330번지 삼익주상복합아파트,195079.265528912,445413.288375132
8589934724,11590,동작구,영업,"",한식,30.00,서울특별시 동작구 흑석동 52-18번지,196729.188025153,444994.865424671
8589934725,11590,동작구,영업,"",기타,33.05,서울특별시 동작구 흑석동 9-77번지,196849.809475168,445023.122290964
8589934726,11590,동작구,폐업,20181128,한식,56.70,서울특별시 동작구 상도동 210-7번지,194966.523723957,443920.608247759
8589934727,11590,동작구,영업,"",일식,19.83,서울특별시 동작구 노량진동 271-16번지,194243.759387483,445540.880579251
8589934728,11590,동작구,영업,"",한식,41.00,서울특별시 동작구 노량진동 126-6번지,195077.357681172,445597.51066209
8589934729,11590,동작구,영업,"",한식,37.46,서울특별시 동작구 사당동 1038-33번지,198065.515414827,441765.90634749
8589934730,11590,동작구,폐업,20190109,한식,107.67,서울특별시 동작구 사당동 1007-30번지,198273.765238982,442303.635382462
8589934731,11590,동작구,영업,"",한식,164.05,서울특별시 동작구 신대방동 395-69번지 보라매아카데미타워,193218.36400997,443239.581054145
8589934732,11590,동작구,영업,"",식육(고깃집),84.27,서울특별시 동작구 대방동 415-8,192961.024575636,444049.788129053
8589934733,11590,동작구,영업,"",기타,60.00,서울특별시 동작구 사당동 323-4,197716.55615399,442362.797004201
8589934734,11590,동작구,폐업,20190909,일식,24.00,서울특별시 동작구 사당동 318-13번지,197629.477544352,442303.756960284
8589934735,11590,동작구,영업,"",한식,238.01,서울특별시 동작구 노량진동 13-6 노량진수산물도매시장,194346.156670595,445823.500892497
8589934736,11590,동작구,영업,"",치킨,30.00,서울특별시 동작구 상도1동 739-1,195296.078261221,444477.122017233
8589934737,11590,동작구,폐업,20190318,치킨,70.00,서울특별시 동작구 사당동 223-7번지,197187.874834209,442583.252136846
8589934738,11590,동작구,영업,"",한식,24.00,서울특별시 동작구 신대방동 347-25번지,193517.010058767,444097.092900063
8589934739,11590,동작구,폐업,20190823,한식,26.00,서울특별시 동작구 상도동 201-73번지,194733.198030899,444307.562374319
8589934740,11590,동작구,폐업,20190514,한식,36.26,서울특별시 동작구 신대방동 685-12번지 장안빌딩,191739.328430363,442924.562521885
8589934741,11590,동작구,폐업,20191011,기타,78.31,서울특별시 동작구 상도동 210-7번지,194966.523723957,443920.608247759
8589934742,11590,동작구,영업,"",기타,33.00,서울특별시 동작구 대방동 395-18 성수빌딩,193373.084765459,444204.330035644
8589934743,11590,동작구,영업,"",분식,56.45,서울특별시 동작구 사당동 147-106,198298.276773402,442622.846774213
8589934744,11590,동작구,영업,"",기타,23.00,서울특별시 동작구 사당동 1029-24,198205.972643652,441956.336111401
8589934745,11590,동작구,영업,"",외국음식전문점,62.24,서울특별시 동작구 흑석동 106-26번지,196590.891750652,445185.194824972
8589934746,11590,동작구,영업,"",한식,33.29,서울특별시 동작구 사당동 1003-40번지,198120.243174923,442440.740968356
8589934747,11590,동작구,영업,"",한식,268.00,서울특별시 동작구 노량진동 81번지 나루아카데미,194900.596924706,445636.380956367
8589934748,11590,동작구,영업,"",한식,261.78,서울특별시 동작구 사당동 1031-26번지 해암빌딩,198260.928494466,441812.908240047
8589934749,11590,동작구,영업,"",한식,102.82,서울특별시 동작구 상도동 187-1번지,194284.30185722,444582.345380427
8589934750,11590,동작구,영업,"",중식,30.00,서울특별시 동작구 노량진동 314-3,194537.638382205,444983.796981804
8589934751,11590,동작구,폐업,20190508,양식,22.00,서울특별시 동작구 사당동 300-69번지,197441.658119193,442091.251773462
8589934752,11590,동작구,영업,"",기타,84.00,서울특별시 동작구 사당동 1044-4 정석빌딩,198034.29852814,441639.261005501
8589934753,11590,동작구,영업,"",일식,40.00,서울특별시 동작구 상도동 503-7번지,196041.811176272,443640.72404071
8589934754,11590,동작구,영업,"",기타,32.00,서울특별시 동작구 신대방동 395-69 보라매아카데미타워,193218.36400997,443239.581054145
8589934755,11590,동작구,영업,"",한식,106.78,서울특별시 동작구 사당동 321-8번지,197822.388573525,442335.609569324
8589934756,11590,동작구,영업,"",한식,19.80,서울특별시 동작구 노량진동 263-11번지,194274.41100207,445591.350188577
8589934757,11590,동작구,영업,"",일식,33.00,서울특별시 동작구 노량진동 313-55번지,194473.694711074,445094.632525683
8589934758,11590,동작구,영업,"",기타,30.85,서울특별시 동작구 흑석동 158-1번지,196521.016637758,445316.118375161
8589934759,11590,동작구,영업,"",기타,120.79,서울특별시 동작구 상도동 7-22,195724.687475273,444953.70828998
8589934760,11590,동작구,영업,"",양식,42.00,서울특별시 동작구 상도동 489-1,195796.825480428,443786.293148272
8589934761,11590,동작구,폐업,20190604,기타,25.00,서울특별시 동작구 상도1동 468-1번지,195544.955250015,444546.894035559
8589934762,11590,동작구,영업,"",외국음식전문점,59.10,서울특별시 동작구 흑석동 158-1번지,196521.016637758,445316.118375161
8589934763,11590,동작구,영업,"",한식,85.80,서울특별시 동작구 신대방동 351-5,193542.317494556,444054.92415861
8589934764,11590,동작구,영업,"",기타,82.43,서울특별시 동작구 사당동 1027-2,197998.757108523,441973.657889894
8589934765,11590,동작구,영업,"",양식,50.00,서울특별시 동작구 사당동 154-9번지 리우드가구,197982.828040995,442454.396997169
8589934766,11590,동작구,폐업,20190416,치킨,73.00,서울특별시 동작구 노량진동 59-29번지 제일고시학원,194787.33991322,445690.237396228
8589934767,11590,동작구,영업,"",한식,30.50,서울특별시 동작구 신대방동 605-11번지,191953.183822511,442989.403724737
8589934768,11590,동작구,영업,"",양식,78.90,서울특별시 동작구 신대방동 375-15 동일빌딩,192863.847951935,443929.91080414
8589934769,11590,동작구,영업,"",한식,70.00,서울특별시 동작구 사당동 1006-30번지,198233.095710657,442385.559067481
8589934770,11590,동작구,영업,"",한식,15.00,서울특별시 동작구 상도동 477-9번지,195720.448564891,443988.215679697
8589934771,11590,동작구,영업,"",기타,260.00,서울특별시 동작구 노량진동 67-2번지 노량진역,194840.874087848,445755.225992223
8589934772,11590,동작구,영업,"",기타,42.24,서울특별시 동작구 흑석동 225-15번지,196531.1747164,444978.186266017
8589934773,11590,동작구,영업,"",중식,58.70,서울특별시 동작구 대방동 502번지 현대아파트현대종합상가,193810.01277159,445610.160717686
8589934774,11590,동작구,영업,"",기타,23.29,서울특별시 동작구 노량진동 222-13,195157.248588078,445321.073149185
8589934775,11590,동작구,영업,"",기타,57.52,서울특별시 동작구 흑석동 232-55번지,196348.264978342,444670.567476734
8589934776,11590,동작구,영업,"",기타,35.54,서울특별시 동작구 상도동 477-13번지,195733.195545114,443983.974967135
8589934777,11590,동작구,영업,"",양식,40.00,서울특별시 동작구 상도동 169-31번지,194806.841614809,444712.326385815
8589934778,11590,동작구,폐업,20191231,치킨,92.80,서울특별시 동작구 흑석동 190-22번지,196312.090761842,445030.11496561
8589934779,11590,동작구,영업,"",기타,75.44,서울특별시 동작구 상도동 187-1,194284.30185722,444582.345380427
8589934780,11590,동작구,폐업,20191030,기타,33.47,서울특별시 동작구 노량진동 57-1번지 메가스터디타워,194772.975405476,445623.080168564
8589934781,11590,동작구,영업,"",기타,58.51,서울특별시 동작구 상도동 279-461번지,194539.781483911,443762.431133461
8589934782,11590,동작구,폐업,20191226,분식,35.00,서울특별시 동작구 상도1동 739-1번지,195296.078261221,444477.122017233
8589934783,11590,동작구,영업,"",치킨,8.76,서울특별시 동작구 대방동 409-21번지,193255.299015723,444059.216625031
8589934784,11590,동작구,영업,"",일식,7.96,서울특별시 동작구 노량진동 208,195123.918603842,445519.339782427
8589934785,11590,동작구,폐업,20190131,치킨,26.40,서울특별시 동작구 사당동 269-23번지,197370.728020192,442364.596713001
8589934786,11590,동작구,영업,"",한식,61.65,서울특별시 동작구 흑석동 102-130번지,196629.060084473,445093.674876317
8589934787,11590,동작구,영업,"",한식,85.00,서울특별시 동작구 사당동 250-7,197351.780948148,442479.099435308
8589934788,11590,동작구,영업,"",한식,76.50,서울특별시 동작구 사당동 133-2,198319.043790859,442866.370580493
8589934789,11590,동작구,영업,"",한식,76.50,서울특별시 동작구 사당동 133-2,198319.043790859,442866.370580493
8589934790,11590,동작구,영업,"",치킨,82.74,서울특별시 동작구 상도동 489-7번지,195827.063759908,443742.616810175
8589934791,11590,동작구,영업,"",한식,58.18,서울특별시 동작구 사당동 133-13번지,198307.119626065,442861.53308614
8589934792,11590,동작구,영업,"",치킨,69.61,서울특별시 동작구 사당동 167-19번지 래미안 로이파크,197527.637381511,442943.750542568
8589934793,11590,동작구,영업,"",한식,19.83,서울특별시 동작구 상도동 328-10,193643.020205528,444066.052898656
8589934794,11590,동작구,영업,"",한식,419.76,서울특별시 동작구 사당동 1030-20번지,198279.266223055,442017.925073828
8589934795,11590,동작구,영업,"",한식,39.44,서울특별시 동작구 사당동 147-29 이수자이,198202.472533419,442471.241038085
8589934796,11590,동작구,영업,"",치킨,56.10,서울특별시 동작구 상도동 210-18,194959.547613503,444004.845129467
8589934797,11590,동작구,영업,"",치킨,26.40,서울특별시 동작구 사당동 269-23번지,197370.728020192,442364.596713001
8589934798,11590,동작구,영업,"",분식,29.70,서울특별시 동작구 사당동 1039-13,198011.106060685,441702.598478923
8589934799,11590,동작구,영업,"",한식,107.67,서울특별시 동작구 사당동 1007-30,198273.765238982,442303.635382462
8589934800,11590,동작구,폐업,20190823,치킨,28.75,서울특별시 동작구 상도동 360-25번지 명창빌딩,194325.764481188,444719.507397132
8589934801,11590,동작구,영업,"",한식,59.50,서울특별시 동작구 대방동 23-161번지,193907.552706304,445386.464246184
8589934802,11590,동작구,영업,"",한식,475.00,서울특별시 동작구 신대방동 355-30번지,193333.437674927,444045.886187686
8589934803,11590,동작구,영업,"",치킨,46.28,서울특별시 동작구 상도동 34-8번지 명승빌딩,195182.805921417,444691.573625574
8589934804,11590,동작구,영업,"",양식,51.77,서울특별시 동작구 흑석동 339번지 흑석한강센트레빌2차,196267.514996498,444443.755756289
8589934805,11590,동작구,영업,"",외국음식전문점,53.88,서울특별시 동작구 흑석동 190-25번지,196297.00748929,445005.599232487
8589934806,11590,동작구,영업,"",기타,57.47,서울특별시 동작구 상도동 503-4번지,196055.808692172,443635.880731209
8589934807,11590,동작구,영업,"",기타,17.36,서울특별시 동작구 흑석동 43-38번지,196844.752784363,445007.026823962
8589934808,11590,동작구,영업,"",식육(고깃집),10.00,서울특별시 동작구 노량진동 67-9번지,194919.408060545,445748.317244946
8589934809,11590,동작구,영업,"",분식,50.19,서울특별시 동작구 사당동 1030-13번지 나호,198276.099218728,441987.393695098
8589934810,11590,동작구,폐업,20191218,한식,32.21,서울특별시 동작구 상도동 316-6번지,193940.047249673,444173.800837753
8589934811,11590,동작구,영업,"",기타,60.00,서울특별시 동작구 사당동 1033-10번지 새한빌딩,198113.383426654,441853.785415773
8589934812,11590,동작구,영업,"",일식,61.88,서울특별시 동작구 상도동 195-25번지,194311.597182593,444511.704194036
8589934813,11590,동작구,영업,"",중식,83.54,서울특별시 동작구 노량진동 67-10번지,194907.438102935,445746.932149292
8589934814,11590,동작구,영업,"",기타,96.72,서울특별시 동작구 노량진동 148-65번지,195071.969914737,445668.622994655
8589934815,11590,동작구,영업,"",한식,39.70,서울특별시 동작구 사당동 145-27번지,198268.118941826,442673.699368324
8589934816,11590,동작구,영업,"",기타,133.45,서울특별시 동작구 대방동 412-20번지 신호빌딩,193201.797615433,444039.647999487
8589934817,11590,동작구,영업,"",분식,12.00,서울특별시 동작구 노량진동 28-8번지 석천장여관,194257.895684003,445637.82808203
8589934818,11590,동작구,영업,"",기타,29.37,서울특별시 동작구 노량진동 118-5 노량진한국법학원,195016.467793069,445570.518332206
8589934819,11590,동작구,영업,"",기타,83.30,서울특별시 동작구 사당동 1039-49번지,198109.04815205,441688.746299099
8589934820,11590,동작구,영업,"",기타,16.18,서울특별시 동작구 노량진동 29-3번지,194229.679644205,445654.586012815
8589934821,11590,동작구,영업,"",한식,51.92,서울특별시 동작구 상도동 22-1번지 대화빌딩,195234.609572989,444855.902072871
8589934822,11590,동작구,영업,"",식육(고깃집),96.89,서울특별시 동작구 상도동 488번지 강남상가아파트,195821.72598572,443860.596515691
8589934823,11590,동작구,영업,"",중식,92.88,서울특별시 동작구 상도1동 755,195353.857697483,444528.139010557
8589934824,11590,동작구,영업,"",치킨,26.40,서울특별시 동작구 사당동 1029-37,198221.486615478,442037.886575441
8589934825,11590,동작구,폐업,20191023,한식,33.06,서울특별시 동작구 노량진동 119-224번지,195072.191976327,445495.282470145
8589934826,11590,동작구,영업,"",한식,18.52,서울특별시 동작구 사당동 162-104,197750.039399611,442788.71692193
8589934827,11590,동작구,영업,"",한식,50.03,서울특별시 동작구 흑석동 207-17번지 흑석동근생주택,196097.098175779,444853.479855976
8589934828,11590,동작구,영업,"",기타,60.48,서울특별시 동작구 사당동 1009-20번지,198184.265853941,442281.238322449
8589934829,11590,동작구,영업,"",한식,28.05,서울특별시 동작구 사당동 223-7번지,197187.874834209,442583.252136846
8589934830,11590,동작구,영업,"",한식,56.00,서울특별시 동작구 흑석동 190-2,196434.336841507,445052.529952493
8589934831,11590,동작구,영업,"",기타,26.00,서울특별시 동작구 상도동 365-9번지,194464.79871505,444663.960307555
8589934832,11590,동작구,영업,"",한식,24.00,서울특별시 동작구 대방동 17-43,193912.718041953,445192.743050213
8589934833,11590,동작구,영업,"",기타,30.00,서울특별시 동작구 사당동 132-6,198251.065729665,442827.775034333
8589934834,11590,동작구,영업,"",일식,26.44,서울특별시 동작구 사당동 1032-11번지,198190.729287414,441886.567876646
8589934835,11590,동작구,영업,"",한식,33.00,서울특별시 동작구 사당동 1032-11번지,198190.729287414,441886.567876646
8589934836,11590,동작구,폐업,20191106,식육(고깃집),45.00,서울특별시 동작구 사당동 72-14번지,198290.855270233,443180.119099334
8589934837,11590,동작구,영업,"",양식,39.66,서울특별시 동작구 상도동 196-74번지,194359.149553647,444474.397603076
8589934838,11590,동작구,영업,"",한식,30.00,서울특별시 동작구 사당동 91-184,198072.423639141,442566.146420473
8589934839,11590,동작구,영업,"",한식,75.70,서울특별시 동작구 사당동 318-5번지,197739.219938553,442315.377836515
8589934840,11590,동작구,영업,"",한식,23.22,서울특별시 동작구 노량진동 259-1 행운이발관,194360.985697858,445590.231967954
8589934841,11590,동작구,영업,"",한식,157.97,서울특별시 동작구 신대방동 686-48번지,191555.354381759,442679.208790615
8589934842,11590,동작구,영업,"",기타,18.00,서울특별시 동작구 신대방동 364-128,193008.76560515,443797.884184997
8589934843,11590,동작구,영업,"",기타,178.20,서울특별시 동작구 상도동 505-1번지,196167.847362989,443639.568486901
8589934844,11590,동작구,영업,"",식육(고깃집),57.94,서울특별시 동작구 노량진동 235-2번지 영보당,194620.646231252,445374.01287148
8589934845,11590,동작구,영업,"",기타,26.40,서울특별시 동작구 신대방동 346-11,193591.286699863,443976.875309996
8589934846,11590,동작구,영업,"",치킨,19.00,서울특별시 동작구 사당동 266-7 제일약국,197609.543712458,442330.510814124
8589934847,11590,동작구,영업,"",한식,17.40,서울특별시 동작구 신대방동 708번지 해태보라매타워,193279.599095483,443230.418234155
8589934848,11590,동작구,영업,"",한식,38.10,서울특별시 동작구 사당동 206-30,196970.596713697,442739.80140258
8589934849,11590,동작구,영업,"",치킨,19.88,서울특별시 동작구 노량진동 330번지 삼익주상복합아파트,195079.265528912,445413.288375132
8589934850,11590,동작구,영업,"",한식,39.60,서울특별시 동작구 상도동 256-41 김한욱치과,194030.270693575,444085.598265273
8589934851,11590,동작구,영업,"",기타,42.75,서울특별시 동작구 상도1동 455-6번지 다원하우스,195488.123282369,444412.717104866
8589934852,11590,동작구,영업,"",분식,22.04,서울특별시 동작구 노량진동 313-54,194483.474409099,445094.191820121
8589934853,11590,동작구,폐업,20190819,치킨,73.00,서울특별시 동작구 노량진동 59-29번지 제일고시학원,194787.33991322,445690.237396228
8589934854,11590,동작구,영업,"",기타,26.40,서울특별시 동작구 사당동 1020-15번지 소망하우스,198146.793436276,442061.502169729
8589934855,11590,동작구,영업,"",치킨,29.57,서울특별시 동작구 사당동 1040-11번지,198133.655984252,441802.47581038
8589934856,11590,동작구,영업,"",양식,43.05,서울특별시 동작구 신대방동 719 동작상떼빌아파트,191691.678396263,442818.113681285
8589934857,11590,동작구,폐업,20190821,기타,10.54,서울특별시 동작구 사당동 84-8번지,198312.059981794,443094.351844438
8589934858,11590,동작구,영업,"",기타,52.00,서울특별시 동작구 사당동 1003-2 성보빌딩,198026.700539698,442414.992335081
8589934859,11590,동작구,영업,"",기타,85.00,서울특별시 동작구 사당동 79-3번지,198357.541280509,443114.753695543
8589934860,11590,동작구,영업,"",한식,28.62,서울특별시 동작구 사당동 318-74,197594.821972045,442284.250135391
8589934861,11590,동작구,영업,"",분식,33.00,서울특별시 동작구 신대방동 601-33,191948.400369861,443037.460043997
8589934862,11590,동작구,영업,"",한식,83.70,서울특별시 동작구 상도동 33-14번지 청원기획,195208.050661981,444646.543102786
8589934863,11590,동작구,영업,"",한식,64.80,서울특별시 동작구 노량진동 120-6번지 문화독서실,195018.562855975,445402.33110714
8589934864,11590,동작구,영업,"",한식,45.00,서울특별시 동작구 사당동 321-62,197770.046862181,442741.535936572
8589934865,11590,동작구,영업,"",한식,9.90,서울특별시 동작구 대방동 501번지 대림아파트(상가동),193273.484014052,445011.250115029
8589934866,11590,동작구,영업,"",한식,46.20,서울특별시 동작구 사당동 275-20번지,197515.015572562,442226.138752752
8589934867,11590,동작구,영업,"",한식,136.30,서울특별시 동작구 사당동 139-26 남성장,198191.872304421,442791.289278989
8589934868,11590,동작구,영업,"",기타,35.60,서울특별시 동작구 노량진동 41-5번지,194450.938572637,445665.826651026
8589934869,11590,동작구,영업,"",분식,20.00,서울특별시 동작구 상도동 355-11번지,194117.193558403,444361.43941511
8589934870,11590,동작구,영업,"",한식,33.00,서울특별시 동작구 상도동 358-15번지,194217.497606154,444612.59147173
8589934871,11590,동작구,영업,"",양식,10.40,서울특별시 동작구 사당동 300-74,197423.10255337,442052.810114785
8589934872,11590,동작구,영업,"",한식,61.81,서울특별시 동작구 사당동 1040-35번지,198156.510548489,441754.123541069
8589934873,11590,동작구,영업,"",한식,46.00,서울특별시 동작구 노량진동 232-184 김동균산부인과의원,194623.336363844,445408.492593704
8589934874,11590,동작구,영업,"",치킨,96.72,서울특별시 동작구 노량진동 148-65번지,195071.969914737,445668.622994655
8589934875,11590,동작구,영업,"",한식,183.34,서울특별시 동작구 신대방동 395-69번지 보라매아카데미타워,193218.36400997,443239.581054145
8589934876,11590,동작구,영업,"",치킨,18.00,서울특별시 동작구 대방동 393-62번지,193556.22254697,444246.364147406
8589934877,11590,동작구,영업,"",한식,33.00,서울특별시 동작구 신대방동 347-31번지 윤치과의원,193545.919051038,444087.593610563
8589934878,11590,동작구,영업,"",한식,33.00,서울특별시 동작구 대방동 394-1번지,193551.545918178,444220.010163292
8589934879,11590,동작구,영업,"",한식,59.40,서울특별시 동작구 신대방동 347-31번지 윤치과의원,193545.919051038,444087.593610563
8589934880,11590,동작구,영업,"",한식,33.00,서울특별시 동작구 신대방동 347-31번지 윤치과의원,193545.919051038,444087.593610563
8589934881,11590,동작구,영업,"",기타,92.36,서울특별시 동작구 흑석동 189-7번지,196394.963261683,445064.870895677
8589934882,11590,동작구,영업,"",한식,98.60,서울특별시 동작구 대방동 354-1번지 파밀리에 하늘마루,193312.282106543,445337.475840158
8589934883,11590,동작구,영업,"",한식,26.40,서울특별시 동작구 상도동 464-10번지,195673.166561688,444203.303201155
8589934884,11590,동작구,폐업,20190923,한식,33.00,서울특별시 동작구 사당동 129-14번지,198172.432466925,442871.618163858
8589934885,11590,동작구,영업,"",중식,23.00,서울특별시 동작구 노량진동 222-34번지,195120.210827669,445287.030950547
8589934886,11590,동작구,영업,"",기타,18.63,서울특별시 동작구 사당동 1008-22번지 쌍립빌딩,198289.039514074,442211.512440311
8589934887,11590,동작구,영업,"",한식,70.21,서울특별시 동작구 사당동 88-7번지,198277.150605284,442942.422292806
8589934888,11590,동작구,영업,"",치킨,49.25,서울특별시 동작구 사당동 144-14번지 이수빌딩,198193.017181384,442578.255531679
8589934889,11590,동작구,영업,"",한식,66.40,서울특별시 동작구 노량진동 265-1,194251.479675226,445622.132301726
8589934890,11590,동작구,영업,"",기타,30.00,서울특별시 동작구 사당동 275-20번지,197515.015572562,442226.138752752
8589934891,11590,동작구,영업,"",치킨,89.10,서울특별시 동작구 사당동 1044-37번지,198147.613925635,441671.438697802
8589934892,11590,동작구,영업,"",중식,58.08,서울특별시 동작구 노량진동 100-2번지,194944.70005853,445667.961594216
8589934893,11590,동작구,영업,"",기타,142.19,서울특별시 동작구 사당동 139-71번지,198270.495306788,442767.932416459
8589934894,11590,동작구,영업,"",기타,98.04,서울특별시 동작구 사당동 139-26번지 남성장,198191.872304421,442791.289278989
8589934895,11590,동작구,영업,"",중식,60.31,서울특별시 동작구 신대방동 395-69번지 보라매아카데미타워,193218.36400997,443239.581054145
8589934896,11590,동작구,영업,"",기타,53.97,서울특별시 동작구 사당동 1026-35번지,198081.513613419,442047.112756889
8589934897,11590,동작구,영업,"",외국음식전문점,46.50,서울특별시 동작구 대방동 501번지 대림아파트,193273.484014052,445011.250115029
8589934898,11590,동작구,폐업,20191014,양식,20.00,서울특별시 동작구 사당동 129-14번지,198172.432466925,442871.618163858
8589934899,11590,동작구,영업,"",기타,99.74,서울특별시 동작구 사당동 175-26번지,197328.166500004,443095.075078301
8589934900,11590,동작구,영업,"",일식,36.36,서울특별시 동작구 신대방동 346-1번지 나이스빌,193620.216184488,444011.38979016
8589934901,11590,동작구,영업,"",기타,27.00,서울특별시 동작구 노량진동 97-1번지,194943.829772642,445641.033944119
8589934902,11590,동작구,영업,"",한식,21.79,서울특별시 동작구 사당동 266-13,197584.098572864,442311.304128779
8589934903,11590,동작구,영업,"",외국음식전문점,33.00,서울특별시 동작구 상도동 248-27,194006.203600533,444253.392664139
8589934904,11590,동작구,영업,"",치킨,81.14,서울특별시 동작구 상도동 505-4번지,196130.717703515,443655.266993283
8589934905,11590,동작구,영업,"",기타,83.10,서울특별시 동작구 상도동 202-237번지,194653.274853608,444111.845763646
8589934906,11590,동작구,영업,"",기타,40.96,서울특별시 동작구 흑석동 158-1번지,196521.016637758,445316.118375161
8589934907,11590,동작구,영업,"",기타,99.00,서울특별시 동작구 상도동 19-17번지,196521.016637758,445316.118375161
8589934908,11590,동작구,영업,"",한식,19.79,서울특별시 동작구 사당동 323-4번지,197716.55615399,442362.797004201
8589934909,11590,동작구,영업,"",한식,16.70,서울특별시 동작구 상도동 496-6번지,195891.65053921,443568.976825682
8589934910,11590,동작구,영업,"",한식,43.40,서울특별시 동작구 노량진동 41-5번지,194450.938572637,445665.826651026
8589934911,11590,동작구,영업,"",한식,26.40,서울특별시 동작구 상도동 210-44번지,194914.668127994,444034.247740213
8589934912,11590,동작구,영업,"",기타,79.41,서울특별시 동작구 대방동 386-4번지,193149.639888746,444700.296130218
8589934913,11590,동작구,폐업,20190830,기타,32.24,서울특별시 동작구 사당동 127-50번지,198050.871777182,442929.728723428
8589934914,11590,동작구,영업,"",한식,157.68,서울특별시 동작구 상도동 183-17번지,194425.964501872,444621.202908272
8589934915,11590,동작구,영업,"",기타,46.79,서울특별시 동작구 사당동 307-4번지,197436.014123876,442021.731364471
8589934916,11590,동작구,영업,"",기타,18.00,서울특별시 동작구 상도동 202-237번지,194653.274853608,444111.845763646
8589934917,11590,동작구,영업,"",기타,82.44,서울특별시 동작구 사당동 144-1번지,198209.852000781,442602.383743476
8589934918,11590,동작구,영업,"",외국음식전문점,56.10,서울특별시 동작구 상도1동 666-1번지 진영빌딩,195407.072878565,444587.560881971
8589934919,11590,동작구,영업,"",한식,45.87,서울특별시 동작구 흑석동 181-1번지 한신빌딩,196547.688324123,445149.179768964
8589934920,11590,동작구,폐업,20191004,한식,97.85,서울특별시 동작구 사당동 1046-38번지,197949.163711134,441674.37996326
8589934921,11590,동작구,영업,"",기타,83.00,서울특별시 동작구 상도1동 677번지 샤론골드,195412.661082607,444657.286376856
8589934922,11590,동작구,영업,"",일식,80.40,서울특별시 동작구 상도동 211-207번지 태성빌딩,195020.540278153,444084.208921081
8589934923,11590,동작구,영업,"",한식,30.70,서울특별시 동작구 사당동 708-428번지,197593.915578663,442457.459423816
8589934924,11590,동작구,영업,"",치킨,39.30,서울특별시 동작구 사당동 267-21번지,197458.432349062,442323.12722938
8589934925,11590,동작구,영업,"",한식,42.33,서울특별시 동작구 노량진동 330 삼익주상복합아파트,195079.265528912,445413.288375132
8589934926,11590,동작구,영업,"",기타,82.63,서울특별시 동작구 흑석동 52-30번지 삼원빌딩,196669.722377413,445038.301323449
8589934927,11590,동작구,영업,"",중식,80.51,서울특별시 동작구 상도동 505-6번지,196102.759535311,443660.758517029
8589934928,11590,동작구,영업,"",기타,42.90,서울특별시 동작구 상도동 506-3번지,196217.061616404,443639.844799651
8589934929,11590,동작구,영업,"",중식,62.10,서울특별시 동작구 노량진동 57-1번지 메가스터디타워,194772.975405476,445623.080168564
8589934930,11590,동작구,영업,"",한식,25.27,서울특별시 동작구 사당동 267-37번지,197448.323029345,442403.438118216
8589934931,11590,동작구,영업,"",기타,40.00,서울특별시 동작구 신대방동 692-60번지,192154.584656144,442850.029124651
8589934932,11590,동작구,영업,"",중식,30.00,서울특별시 동작구 상도1동 710-1번지,195253.576812016,444538.196301877
8589934933,11590,동작구,영업,"",한식,78.74,서울특별시 동작구 대방동 407-37번지,193507.557272551,444126.401400102
8589934934,11590,동작구,영업,"",한식,23.00,서울특별시 동작구 상도동 316-11 실로암한의원,193919.794550073,444155.585641731
8589934935,11590,동작구,영업,"",분식,23.70,서울특별시 동작구 노량진동 67-9,194919.408060545,445748.317244946
8589934936,11590,동작구,영업,"",기타,43.17,서울특별시 동작구 흑석동 190-57,196427.515790259,445049.81817361
8589934937,11590,동작구,영업,"",분식,16.50,서울특별시 동작구 사당동 136-1 태평백화점,198303.527071078,442742.422887932
8589934938,11590,동작구,영업,"",외국음식전문점,89.18,서울특별시 동작구 사당동 140-2 새마을금고,198189.526164737,442722.966152001
8589934939,11590,동작구,영업,"",한식,35.25,서울특별시 동작구 사당동 128-1,198105.203683665,442887.208198565
8589934940,11590,동작구,영업,"",한식,38.41,서울특별시 동작구 상도동 416 아이파크상도동,194863.800728448,444283.935454635
8589934941,11590,동작구,영업,"",치킨,36.00,서울특별시 동작구 상도1동 377번지 I학원,195555.099817495,444240.231534593
8589934942,11590,동작구,영업,"",기타,58.00,서울특별시 동작구 사당동 145-5번지,198249.28623636,442658.763176017
8589934943,11590,동작구,영업,"",치킨,23.10,서울특별시 동작구 사당동 1032-46번지,198133.245964235,441822.295146622
8589934944,11590,동작구,영업,"",한식,50.73,서울특별시 동작구 신대방동 605-16번지,191949.703160289,442970.2564827
8589934945,11590,동작구,영업,"",치킨,108.79,서울특별시 동작구 상도동 535번지 상도2차두산위브트레지움아파트,194870.38438442,444631.112679216
8589934946,11590,동작구,영업,"",치킨,28.75,서울특별시 동작구 상도동 360-25번지 명창빌딩,194325.764481188,444719.507397132
8589934947,11590,동작구,영업,"",양식,9.41,서울특별시 동작구 노량진동 45-3 노량진아이비빌딩,194621.056411638,445664.797007601
8589934948,11590,동작구,영업,"",한식,23.00,서울특별시 동작구 노량진동 215-136번지,195317.450953436,445074.682578674
8589934949,11590,동작구,영업,"",한식,150.95,서울특별시 동작구 신대방동 395-73번지 캐릭터 그린빌,193300.832515956,443302.417672701
8589934950,11590,동작구,영업,"",치킨,50.00,서울특별시 동작구 사당동 128-13번지,198139.656358103,442903.045141687
8589934951,11590,동작구,영업,"",분식,6.86,서울특별시 동작구 노량진동 13-6 노량진수산물도매시장,194346.156670595,445823.500892497
8589934952,11590,동작구,영업,"",기타,22.41,서울특별시 동작구 상도동 467-1번지 한승빌딩,195682.129424265,444079.25373941
8589934953,11590,동작구,영업,"",기타,21.00,서울특별시 동작구 노량진동 217-29번지 제일카서비스,195235.166582615,445127.560344294
8589934954,11590,동작구,영업,"",기타,39.60,서울특별시 동작구 상도동 354-19번지,194086.851129358,444421.062951536
8589934955,11590,동작구,영업,"",치킨,10.80,서울특별시 동작구 대방동 501번지 대림아파트(상가동),193273.484014052,445011.250115029
8589934956,11590,동작구,영업,"",한식,57.45,서울특별시 동작구 흑석동 182-14,196517.769859964,445113.53227295
8589934957,11590,동작구,영업,"",기타,54.84,서울특별시 동작구 흑석동 223-15번지,196362.433886543,444957.004562727
8589934958,11590,동작구,영업,"",한식,34.90,서울특별시 동작구 상도동 7-88번지 중대슈퍼,195806.741091058,444739.554029947
8589934959,11590,동작구,폐업,20191107,한식,46.20,서울특별시 동작구 상도1동 633-2번지,195518.825982478,444656.719543184
8589934960,11590,동작구,영업,"",중식,60.00,서울특별시 동작구 상도동 256-43,194049.438836969,444062.22363101
8589934961,11590,동작구,영업,"",기타,46.20,서울특별시 동작구 흑석동 266번지,197147.056990251,444868.646469606
8589934962,11590,동작구,영업,"",기타,35.40,서울특별시 동작구 상도동 73-1번지 성산빌딩,195755.54444378,444018.962439431
8589934963,11590,동작구,영업,"",분식,26.00,서울특별시 동작구 노량진동 218-7,195093.020849549,445144.243514759
8589934964,11590,동작구,영업,"",식육(고깃집),162.97,서울특별시 동작구 대방동 416-13번지,192985.071874105,444113.814379317
8589934965,11590,동작구,폐업,20191219,한식,70.00,서울특별시 동작구 흑석동 86-188번지,196488.522556849,444590.693901129
8589934966,11590,동작구,영업,"",기타,313.30,서울특별시 동작구 흑석동 1-3번지 원불교100년기념관,196739.152428297,445284.174739618
8589934967,11590,동작구,영업,"",한식,42.00,서울특별시 동작구 상도동 500-22번지 대광페인트,195990.351081495,443601.250498793
8589934968,11590,동작구,영업,"",식육(고깃집),55.74,서울특별시 동작구 상도동 365-1,194477.925665468,444726.157074208
8589934969,11590,동작구,영업,"",치킨,166.28,서울특별시 동작구 신대방동 345-3번지 석양교회,193536.444322814,443946.554411617
8589934970,11590,동작구,영업,"",치킨,34.47,서울특별시 동작구 본동 50-22,195910.717295388,445470.364003617
8589934971,11590,동작구,영업,"",한식,15.90,서울특별시 동작구 사당동 178-16번지 IADG 빌딩,197265.769928996,443327.62768902
8589934972,11590,동작구,영업,"",치킨,38.74,서울특별시 동작구 사당동 175-59번지,197353.435228212,443079.736616207
8589934973,11590,동작구,영업,"",분식,39.84,서울특별시 동작구 상도동 182-19,194631.109419992,444548.425244582
8589934974,11590,동작구,영업,"",치킨,89.25,서울특별시 동작구 상도동 368-14 최안과,194514.134892311,444686.660524548
8589934975,11590,동작구,영업,"",분식,31.19,서울특별시 동작구 사당동 252-10번지 큰빛교회,197524.801066583,442487.980099824
8589934976,11590,동작구,영업,"",한식,25.00,서울특별시 동작구 흑석동 97-4번지,196639.685643478,444970.554262655
8589934977,11590,동작구,영업,"",한식,15.00,서울특별시 동작구 사당동 91-41번지,198224.574070285,442989.921526192
8589934978,11590,동작구,영업,"",중식,35.35,서울특별시 동작구 노량진동 37-8번지,194478.411462413,445575.149506193
8589934979,11590,동작구,영업,"",일식,132.00,서울특별시 동작구 사당동 1008-16번지,198297.907079009,442277.270760751
8589934980,11590,동작구,영업,"",한식,128.23,서울특별시 동작구 흑석동 224-1번지 중앙대학교병원,196469.839776813,444981.937930765
8589934981,11590,동작구,영업,"",외국음식전문점,42.49,서울특별시 동작구 흑석동 190-20번지,196326.617863127,445052.382004263
8589934982,11590,동작구,영업,"",중식,57.79,서울특별시 동작구 상도동 204-20번지,194795.682587296,444238.76175299
8589934983,11590,동작구,영업,"",양식,48.24,서울특별시 동작구 노량진동 85-37 신전빌딩,194932.503285525,445598.274408081
8589934984,11590,동작구,영업,"",분식,46.20,서울특별시 동작구 상도동 488 강남상가아파트,195821.72598572,443860.596515691
8589934985,11590,동작구,영업,"",한식,36.00,서울특별시 동작구 사당동 147-110번지 이수메디칼약국,198276.943553111,442584.287912027
8589934986,11590,동작구,영업,"",치킨,35.50,서울특별시 동작구 상도동 535번지 상도2차두산위브트레지움아파트,194870.38438442,444631.112679216
8589934987,11590,동작구,영업,"",한식,82.00,서울특별시 동작구 상도1동 645-3번지 중부하이퍼,195613.267852946,444717.279774293
8589934988,11590,동작구,영업,"",기타,29.70,서울특별시 동작구 신대방동 713번지 보라매롯데낙천대아파트,192295.136303863,443573.33711784
8589934989,11590,동작구,폐업,20191230,기타,31.60,서울특별시 동작구 상도1동 389-11번지,195417.707029974,444339.348146393
8589934990,11590,동작구,영업,"",중식,66.00,서울특별시 동작구 노량진동 233-6번지 부광장여관,194657.111559092,445286.093539659
8589934991,11590,동작구,영업,"",한식,39.60,서울특별시 동작구 상도동 354-19번지,194086.851129358,444421.062951536
8589934992,11590,동작구,영업,"",기타,42.14,서울특별시 동작구 상도동 465-16 동원베스트타운에이동,195685.275779982,444112.580488805
8589934993,11590,동작구,영업,"",외국음식전문점,56.58,서울특별시 동작구 신대방동 344-96번지,193484.30100054,443626.354281942
8589934994,11590,동작구,영업,"",한식,25.60,서울특별시 동작구 사당동 708-429번지,197597.02351459,442439.403504264
8589934995,11590,동작구,영업,"",주점,42.00,서울특별시 동작구 노량진동 211-43번지,195110.462021174,445488.668140231
8589934996,11590,동작구,폐업,20191104,한식,29.70,서울특별시 동작구 상도동 354-19번지,194086.851129358,444421.062951536
8589934997,11590,동작구,영업,"",양식,60.40,서울특별시 동작구 신대방동 349-24번지 동화빌딩,193488.956552521,443994.170823919
8589934998,11590,동작구,영업,"",치킨,23.25,서울특별시 동작구 대방동 11-18,193955.376008995,444899.415575722
8589934999,11590,동작구,영업,"",한식,29.70,서울특별시 동작구 상도동 354-19번지,194086.851129358,444421.062951536
8589935000,11590,동작구,영업,"",한식,1899.26,서울특별시 동작구 신대방동 719 동작상떼빌아파트,191691.678396263,442818.113681285
8589935001,11590,동작구,영업,"",한식,33.00,서울특별시 동작구 신대방동 618-25번지,192145.580084441,442876.955871231
8589935002,11590,동작구,영업,"",한식,35.54,서울특별시 동작구 사당동 130-13,198248.367149171,442855.005428587
8589935003,11590,동작구,영업,"",한식,42.90,서울특별시 동작구 상도동 155-7번지,195108.679841021,444600.535977835
8589935004,11590,동작구,영업,"",한식,19.88,서울특별시 동작구 노량진동 330번지 삼익주상복합아파트,195079.265528912,445413.288375132
8589935005,11590,동작구,영업,"",분식,15.00,서울특별시 동작구 상도1동 507-1번지 은혜피아노,195648.641,445093.757333334
8589935006,11590,동작구,영업,"",횟집,21.79,서울특별시 동작구 상도동 156-20번지 동화하우스,195073.229805814,444606.659905839
8589935007,11590,동작구,영업,"",한식,59.40,서울특별시 동작구 상도동 365-1번지,194477.925665468,444726.157074208
8589935008,11590,동작구,영업,"",일식,20.00,서울특별시 동작구 노량진동 207-4 고려고시원,195147.223017733,445535.119041151
8589935009,11590,동작구,영업,"",중식,55.00,서울특별시 동작구 노량진동 125-15번지,195085.09336602,445563.31524426
8589935010,11590,동작구,영업,"",한식,26.40,서울특별시 동작구 사당동 89-10번지,198306.27204566,442966.296187787
8589935011,11590,동작구,영업,"",일식,38.57,서울특별시 동작구 신대방동 395-66 보라매삼성쉐르빌,193153.177033349,443251.121433059
8589935012,11590,동작구,영업,"",한식,39.20,서울특별시 동작구 상도동 211-176번지,195145.73539496,443983.448023946
8589935013,11590,동작구,영업,"",한식,43.00,서울특별시 동작구 대방동 403-1번지,193312.338143633,444156.866173327
8589935014,11590,동작구,영업,"",한식,330.00,서울특별시 동작구 흑석동 26-2 블루스톤스포츠,197089.735964746,444960.907792011
8589935015,11590,동작구,영업,"",한식,54.55,서울특별시 동작구 사당동 1031-2번지,198235.507972716,441950.006980792
8589935016,11590,동작구,영업,"",기타,18.90,서울특별시 동작구 본동 50-18번지,195887.503541226,445483.051746612
8589935017,11590,동작구,영업,"",분식,22.00,서울특별시 동작구 사당동 300-69,197441.658119193,442091.251773462
8589935018,11590,동작구,영업,"",치킨,35.28,서울특별시 동작구 사당동 1051-41,198202.472533419,442471.241038085
8589935019,11590,동작구,영업,"",한식,26.40,서울특별시 동작구 상도동 354-19번지,194086.851129358,444421.062951536
8589935020,11590,동작구,영업,"",한식,39.60,서울특별시 동작구 노량진동 302-397번지 에덴하우스,194480.375889617,445120.261517308
8589935021,11590,동작구,영업,"",기타,31.50,서울특별시 동작구 흑석동 336번지 흑석한강푸르지오,196874.591319262,444555.900566914
8589935022,11590,동작구,영업,"",기타,70.08,서울특별시 동작구 대방동 394-1,193551.545918178,444220.010163292
8589935023,11590,동작구,영업,"",한식,78.97,서울특별시 동작구 신대방동 344-36번지,193507.268060931,443744.118925092
8589935024,11590,동작구,영업,"",한식,29.70,서울특별시 동작구 상도동 354-19,194086.851129358,444421.062951536
8589935025,11590,동작구,영업,"",일식,37.37,서울특별시 동작구 신대방동 395-66 보라매삼성쉐르빌,193153.177033349,443251.121433059
8589935026,11590,동작구,영업,"",기타,90.02,서울특별시 동작구 상도동 503-3번지,196065.509189238,443632.662150156
8589935027,11590,동작구,영업,"",한식,23.10,서울특별시 동작구 사당동 91-164,198202.266608408,442968.90840515
8589935028,11590,동작구,영업,"",중식,102.75,서울특별시 동작구 사당동 130-25,198182.835807914,442826.268041873
8589935029,11590,동작구,영업,"",한식,10.00,서울특별시 동작구 본동 202-1번지 크로바양복점,195651.243570468,445541.341771063
8589935030,11590,동작구,영업,"",기타,60.40,서울특별시 동작구 노량진동 148-89번지 1층,195110.94300117,445695.614065476
8589935031,11590,동작구,영업,"",분식,13.20,서울특별시 동작구 흑석동 52-5번지,196674.294444117,445019.425140898
8589935032,11590,동작구,영업,"",한식,107.20,서울특별시 동작구 신대방동 357-4,193402.211202693,443972.210394987
8589935033,11590,동작구,영업,"",기타,20.00,서울특별시 동작구 상도동 202-67,194719.920808116,444194.435418322
8589935034,11590,동작구,영업,"",기타,194.70,서울특별시 동작구 노량진동 117-24번지,195026.152968301,445623.433683837
8589935035,11590,동작구,영업,"",중식,56.01,서울특별시 동작구 상도동 535 상도2차두산위브트레지움아파트 108호,194870.38438442,444631.112679216
8589935036,11590,동작구,영업,"",한식,35.00,서울특별시 동작구 상도1동 739-1,195296.078261221,444477.122017233
8589935037,11590,동작구,영업,"",한식,26.40,서울특별시 동작구 사당동 1040-2번지 지암빌딩,198102.385531208,441798.975324759
8589935038,11590,동작구,영업,"",한식,16.50,서울특별시 동작구 흑석동 95-214,196630.009639919,444848.515630045
8589935039,11590,동작구,영업,"",기타,19.00,서울특별시 동작구 사당동 141-67,197998.977492969,442530.225836018
8589935040,11590,동작구,영업,"",기타,55.00,서울특별시 동작구 흑석동 86-188,196488.522556849,444590.693901129
8589935041,11590,동작구,영업,"",기타,61.48,서울특별시 동작구 사당동 139-66,198281.738818729,442805.90976965
8589935042,11590,동작구,영업,"",기타,8.00,서울특별시 동작구 노량진동 119-149번지,195073.562361518,445485.409629759
8589935043,11590,동작구,영업,"",한식,39.13,서울특별시 동작구 사당동 147-29 이수자이,198202.472533419,442471.241038085
8589935044,11590,동작구,영업,"",분식,26.00,서울특별시 동작구 상도동 463-2번지 이화빌딩,195634.200150959,444147.145654118
8589935045,11590,동작구,영업,"",한식,46.50,서울특별시 동작구 대방동 501 대림아파트(상가동),193273.484014052,445011.250115029
8589935046,11590,동작구,영업,"",한식,75.09,서울특별시 동작구 상도동 535 상도2차두산위브트레지움아파트,194870.38438442,444631.112679216
8589935047,11590,동작구,영업,"",기타,109.20,서울특별시 동작구 사당동 1006-11번지 미광빌딩,198239.645964319,442433.492290184
8589935048,11590,동작구,영업,"",기타,15.00,서울특별시 동작구 상도1동 401-2번지 1층,195506.245550149,444394.305185003
8589935049,11590,동작구,영업,"",한식,18.31,서울특별시 동작구 상도동 211-176번지 지층101호,195145.73539496,443983.448023946
8589935050,11590,동작구,영업,"",한식,32.14,서울특별시 동작구 상도동 358-21번지 대성빌딩 101호,194188.106033523,444576.741797259
8589935051,11590,동작구,영업,"",한식,32.14,서울특별시 동작구 상도동 358-21번지 대성빌딩 102호,194188.106033523,444576.741797259
8589935052,11590,동작구,영업,"",한식,58.22,서울특별시 동작구 상도동 900번지 상도파크자이,194476.856325424,444842.632863363
8589935053,11590,동작구,영업,"",기타,26.00,서울특별시 동작구 상도1동 356-1,195645.055117251,444202.768532551
8589935054,11590,동작구,영업,"",분식,52.00,서울특별시 동작구 흑석동 181-13번지,196497.381379264,445132.676164283
8589935055,11590,동작구,영업,"",한식,27.30,서울특별시 동작구 노량진동 206-18번지,195190.986010133,445553.879772209
8589935056,11590,동작구,영업,"",기타,53.55,서울특별시 동작구 대방동 407-46번지 더킴벌리빌딩,193491.105503966,444130.609616125
8589935057,11590,동작구,영업,"",기타,30.00,서울특별시 동작구 상도동 235-35번지,194587.471011038,444085.263004143
8589935058,11590,동작구,영업,"",일식,29.75,서울특별시 동작구 사당동 1031-37번지,198277.909137911,441969.626806595
8589935059,11590,동작구,영업,"",일식,35.00,서울특별시 동작구 상도동 337-14번지,193865.045329024,444264.948605889
8589935060,11590,동작구,영업,"",한식,115.70,서울특별시 동작구 대방동 23-147번지 우리은행대방북지점,193938.864507784,445532.630120688
8589935061,11590,동작구,영업,"",기타,60.86,서울특별시 동작구 흑석동 8-37번지,196772.477081509,445080.383390083
8589935062,11590,동작구,영업,"",기타,21.00,서울특별시 동작구 상도동 299-48,193972.869389768,444071.391708994
8589935063,11590,동작구,영업,"",한식,69.34,서울특별시 동작구 노량진동 57-1 메가스터디타워,194772.975405476,445623.080168564
8589935064,11590,동작구,영업,"",한식,91.62,서울특별시 동작구 신대방동 395-69번지 보라매아카데미타워,193218.36400997,443239.581054145
8589935065,11590,동작구,영업,"",기타,12.88,서울특별시 동작구 사당동 1045-12번지,198000.49906924,441675.856604863
8589935066,11590,동작구,영업,"",기타,19.39,서울특별시 동작구 사당동 141-53번지,198072.423639141,442566.146420473
8589935067,11590,동작구,영업,"",기타,32.60,서울특별시 동작구 사당동 233-3번지,197175.269671437,442419.270894777
8589935068,11590,동작구,영업,"",기타,30.84,서울특별시 동작구 흑석동 8-32번지,196801.359624316,445056.759115545
8589935069,11590,동작구,영업,"",기타,71.20,서울특별시 동작구 노량진동 13-6 노량진수산물도매시장,194346.156670595,445823.500892497
8589935070,11590,동작구,영업,"",기타,21.42,서울특별시 동작구 흑석동 50-59번지,196788.929682917,444958.316046082
8589935071,11590,동작구,영업,"",기타,95.36,서울특별시 동작구 사당동 147-81,198067.167154201,442500.530552296
8589935072,11590,동작구,영업,"",기타,13.00,서울특별시 동작구 사당동 267-16번지,197501.758896539,442305.702518809
8589935073,11590,동작구,영업,"",양식,67.39,서울특별시 동작구 상도동 503-1번지,196074.87767991,443627.219802214
8589935074,11590,동작구,영업,"",한식,155.59,서울특별시 동작구 흑석동 221번지 중앙대학교,196122.678608319,444705.530165147
8589935075,11590,동작구,영업,"",한식,37.90,서울특별시 동작구 상도동 903 e편한세상 상도 노빌리티,"",""
8589935076,11590,동작구,영업,"",한식,10.00,서울특별시 동작구 노량진동 97-1번지,194943.829772642,445641.033944119
8589935077,11590,동작구,영업,"",기타,60.00,서울특별시 동작구 흑석동 102-130번지,196629.060084473,445093.674876317
8589935078,11590,동작구,영업,"",한식,82.64,서울특별시 동작구 노량진동 89-9번지,194956.088154834,445601.569167328
8589935079,11590,동작구,영업,"",한식,22.00,서울특별시 동작구 노량진동 289-42,194345.460041251,445291.750404289
8589935080,11590,동작구,영업,"",기타,40.00,서울특별시 동작구 상도동 314-16번지,193961.83374992,444158.88172048
8589935081,11590,동작구,영업,"",기타,704.00,서울특별시 동작구 흑석동 84-129번지 지에스건설 흑석3구역현장,196581.163204465,444515.418791571
8589935082,11590,동작구,영업,"",한식,40.00,서울특별시 동작구 상도동 259-83,194140.089560522,443988.786438545
8589935083,11590,동작구,영업,"",기타,36.00,서울특별시 동작구 흑석동 54-154번지,196671.608810653,445001.943838265
8589935084,11590,동작구,영업,"",기타,90.00,서울특별시 동작구 상도동 303-27번지,193789.681720971,443843.331463348
8589935085,11590,동작구,영업,"",기타,51.22,서울특별시 동작구 신대방동 395-66번지 보라매삼성쉐르빌,193153.177033349,443251.121433059
8589935086,11590,동작구,영업,"",기타,29.60,서울특별시 동작구 노량진동 325-4번지 신동아리버파크빌,195173.416930025,445112.842985141
8589935087,11590,동작구,영업,"",기타,17.00,서울특별시 동작구 상도동 155-7번지,195108.679841021,444600.535977835
8589935088,11590,동작구,영업,"",기타,43.00,서울특별시 동작구 상도동 279-577 이레빌,194385.956914019,443700.195159803
8589935089,11590,동작구,영업,"",한식,168.26,서울특별시 동작구 상도동 369-6번지,194604.517561222,444709.699920856
8589935090,11590,동작구,영업,"",기타,22.30,서울특별시 동작구 사당동 316-31번지,197571.141945419,442040.005369036
8589935091,11590,동작구,영업,"",기타,54.88,서울특별시 동작구 신대방동 687,191775.553539103,442924.402863147
8589935092,11590,동작구,영업,"",기타,47.70,서울특별시 동작구 사당동 134-3번지,198324.792421368,442835.25813918
8589935093,11590,동작구,영업,"",기타,30.00,서울특별시 동작구 사당동 1013-14번지,197870.258423935,442312.433316808
8589935094,11590,동작구,영업,"",기타,41.04,서울특별시 동작구 사당동 1008-5번지,198248.205,442208.28
8589935095,11590,동작구,영업,"",치킨,53.00,서울특별시 동작구 상도동 355-18,194092.314410386,444330.473857332
8589935096,11590,동작구,영업,"",기타,73.20,서울특별시 동작구 사당동 1008-8번지,198258.866837061,442183.650822007
8589935097,11590,동작구,영업,"",기타,122.97,서울특별시 동작구 신대방동 342-23번지,193564.743624404,443815.78557312
8589935098,11590,동작구,영업,"",기타,26.00,서울특별시 동작구 상도동 313-23번지,194001.851702132,444115.010955796
8589935099,11590,동작구,영업,"",기타,10.35,서울특별시 동작구 흑석동 181-6,196531.171888455,445151.497569376
8589935100,11590,동작구,영업,"",기타,231.35,서울특별시 동작구 사당동 257-27번지 영아탕(여관),197546.704454594,442426.359515316
8589935101,11590,동작구,영업,"",기타,36.32,서울특별시 동작구 상도동 427번지 커피나무빌딩,195846.558326437,444527.107280431
8589935102,11590,동작구,영업,"",기타,24.00,서울특별시 동작구 상도동 259-89,194129.651017236,444001.815176738
8589935103,11590,동작구,영업,"",기타,33.00,서울특별시 동작구 상도동 467번지,195668.200519472,444069.619155193
8589935104,11590,동작구,영업,"",한식,26.44,서울특별시 동작구 노량진동 50-2번지 원남빌딩,194668.041933278,445546.230567019
8589935105,11590,동작구,영업,"",기타,66.11,서울특별시 동작구 상도동 210-26,194917.173471861,443900.869862184
8589935106,11590,동작구,영업,"",기타,35.00,서울특별시 동작구 상도1동 357-3번지 책사랑,195622.577375285,444205.944480545
8589935107,11590,동작구,영업,"",식육(고깃집),26.44,서울특별시 동작구 사당동 708-448,198196.218280517,442608.176549177
8589935108,11590,동작구,영업,"",중식,75.00,서울특별시 동작구 상도동 348-148번지,193953.121257589,444316.434697747
8589935109,11590,동작구,영업,"",분식,26.27,서울특별시 동작구 사당동 272-26번지,197293.209230888,442364.151566856
8589935110,11590,동작구,영업,"",양식,19.80,서울특별시 동작구 사당동 265-67번지,197529.41273604,442317.226029866
8589935111,11590,동작구,영업,"",분식,13.02,서울특별시 동작구 사당동 120 두성 상가 아파트,197966.147578504,442938.620021597
8589935112,11590,동작구,영업,"",식육(고깃집),37.00,서울특별시 동작구 상도동 204-74번지,194706.525394434,444413.366684221
8589935113,11590,동작구,영업,"",외국음식전문점,42.42,서울특별시 동작구 상도동 248-13번지,194004.424820567,444223.256506563
8589935114,11590,동작구,영업,"",한식,22.00,서울특별시 동작구 사당동 300-69번지,197441.658119193,442091.251773462
8589935115,11590,동작구,영업,"",기타,20.00,서울특별시 동작구 노량진동 302-177,194496.22539125,445120.310655461
8589935116,11590,동작구,영업,"",기타,33.00,서울특별시 동작구 상도1동 243-7번지,195578.408958683,444083.085772051
8589935117,11590,동작구,영업,"",기타,102.00,서울특별시 동작구 노량진동 119-162,195031.139910405,445460.31550745
8589935118,11590,동작구,영업,"",기타,29.70,서울특별시 동작구 사당동 1006-6번지,198179.060798018,442432.432850732
8589935119,11590,동작구,영업,"",한식,87.89,서울특별시 동작구 사당동 89-2,198293.772263493,443062.176958744
8589935120,11590,동작구,영업,"",한식,20.00,서울특별시 동작구 사당동 224-52번지,197176.383149174,442515.663108459
8589935121,11590,동작구,영업,"",기타,16.00,서울특별시 동작구 사당동 1040-3번지,198089.572350917,441775.907531424
8589935122,11590,동작구,영업,"",치킨,62.48,서울특별시 동작구 흑석동 162-3번지,196578.549039461,445190.692722148
8589935123,11590,동작구,영업,"",횟집,90.00,서울특별시 동작구 상도동 467-2번지,195692.630918432,444064.199091605
8589935124,11590,동작구,영업,"",치킨,21.32,서울특별시 동작구 상도동 464-10,193961.83374992,444158.88172048
8589935125,11590,동작구,영업,"",기타,30.64,서울특별시 동작구 상도동 411번지 대림아파트,195816.079560799,443422.505016893
8589935126,11590,동작구,영업,"",한식,69.50,서울특별시 동작구 사당동 1003-39,198107.125196107,442442.466640344
8589935127,11590,동작구,영업,"",기타,121.00,서울특별시 동작구 사당동 324-16번지,197820.406631087,442386.122521483
8589935128,11590,동작구,영업,"",한식,9.80,서울특별시 동작구 노량진동 330 삼익주상복합아파트,195079.265528912,445413.288375132
8589935129,11590,동작구,영업,"",한식,39.87,서울특별시 동작구 사당동 252-17번지,197486.50162645,442493.781452129
8589935130,11590,동작구,영업,"",치킨,21.20,서울특별시 동작구 사당동 77-67번지,198234.406542459,443034.615249239
8589935131,11590,동작구,영업,"",치킨,36.86,서울특별시 동작구 상도동 536 상도효성해링턴플레이스,194813.238578251,444838.840945776
8589935132,11590,동작구,영업,"",기타,29.00,서울특별시 동작구 대방동 340-11번지,193589.553343906,445579.943064749
8589935133,11590,동작구,영업,"",주점,446.68,서울특별시 동작구 사당동 138-4번지,198217.626127441,442674.155448076
8589935134,11590,동작구,영업,"",치킨,43.05,서울특별시 동작구 신대방동 719,191691.678396263,442818.113681285
8589935135,11590,동작구,영업,"",기타,23.04,서울특별시 동작구 사당동 1134번지,197083.024969455,442894.978971331
8589935136,11590,동작구,영업,"",주점,46.02,서울특별시 동작구 사당동 138-4,198217.626127441,442674.155448076
8589935137,11590,동작구,영업,"",한식,30.29,서울특별시 동작구 상도동 238번지,194340.186997127,444328.606055911
8589935138,11590,동작구,영업,"",식육(고깃집),120.40,서울특별시 동작구 상도동 187-1,194284.30185722,444582.345380427
8589935139,11590,동작구,영업,"",중식,56.98,서울특별시 동작구 신대방동 708번지 해태보라매타워,193279.599095483,443230.418234155
8589935140,11590,동작구,영업,"",주점,159.27,서울특별시 동작구 노량진동 13-6 노량진수산물도매시장,194346.156670595,445823.500892497
8589935141,11590,동작구,영업,"",중식,27.59,서울특별시 동작구 사당동 77-12,198214.570043635,443054.457309022
8589935142,11590,동작구,영업,"",치킨,56.20,서울특별시 동작구 노량진동 240-1번지,194627.338262535,445504.611049086
8589935143,11590,동작구,영업,"",한식,122.23,서울특별시 동작구 노량진동 95,194931.033923806,445626.110995512
8589935144,11590,동작구,영업,"",식육(고깃집),78.31,서울특별시 동작구 상도동 210-7번지,194966.523723957,443920.608247759
8589935145,11590,동작구,영업,"",기타,80.00,서울특별시 동작구 사당동 317-16,197559.959374547,442232.574231163
8589935146,11590,동작구,영업,"",분식,19.71,서울특별시 동작구 신대방동 708 해태보라매타워,193279.599095483,443230.418234155
8589935147,11590,동작구,영업,"",기타,39.60,서울특별시 동작구 신대방동 360-154,193416.513070692,443955.30016886
8589935148,11590,동작구,영업,"",기타,131.26,서울특별시 동작구 사당동 1003-40,198120.243174923,442440.740968356
8589935149,11590,동작구,영업,"",기타,30.00,서울특별시 동작구 상도동 364-7,194359.680025839,444726.476352757
8589935150,11590,동작구,영업,"",기타,66.80,서울특별시 동작구 대방동 416-16,193065.456805659,444116.554475099
8589935151,11590,동작구,영업,"",분식,98.00,서울특별시 동작구 상도동 347-9,194023.671231166,444316.067829567
8589935152,11590,동작구,영업,"",양식,35.96,서울특별시 동작구 흑석동 190-29,196347.222217946,445049.256037283
8589935153,11590,동작구,영업,"",식육(고깃집),14.77,서울특별시 동작구 신대방동 395-68 보라매나산스위트,193204.782207917,443168.51356024
8589935154,11590,동작구,영업,"",기타,64.79,서울특별시 동작구 사당동 708-396,197633.34059791,442394.9794204
8589935155,11590,동작구,영업,"",기타,18.38,서울특별시 동작구 흑석동 190-49,196361.779273252,445025.135161354
8589935156,11590,동작구,영업,"",기타,152.25,서울특별시 동작구 대방동 400-1,192914.715671166,444166.02194226
8589935157,11590,동작구,영업,"",횟집,109.06,서울특별시 동작구 상도동 348-170,193913.81631339,444286.437373446
8589935158,11590,동작구,영업,"",기타,30.84,서울특별시 동작구 대방동 404-15,193335.129026747,444116.142129817
8589935159,11590,동작구,영업,"",한식,56.00,서울특별시 동작구 상도동 355-24,194102.145371052,444344.469110139
8589935160,11590,동작구,영업,"",치킨,17.01,서울특별시 동작구 흑석동 95-37,196637.544293184,444900.270086937
8589935161,11590,동작구,영업,"",한식,33.72,서울특별시 동작구 사당동 39-16,198308.591919142,443199.514134796
8589935162,11590,동작구,영업,"",식육(고깃집),41.51,서울특별시 동작구 사당동 127-50,198050.871777182,442929.728723428
8589935163,11590,동작구,영업,"",치킨,30.00,서울특별시 동작구 사당동 267-60,197540.89025368,442258.966338815
8589935164,11590,동작구,영업,"",기타,28.70,서울특별시 동작구 상도동 67-6 지누빌딩,195729.867667716,444060.595683215
8589935165,11590,동작구,영업,"",기타,39.09,서울특별시 동작구 사당동 708-448,198196.218280517,442608.176549177
8589935166,11590,동작구,영업,"",치킨,85.00,서울특별시 동작구 상도동 477-16,195751.161813361,443981.938359116
8589935167,11590,동작구,영업,"",기타,20.00,서울특별시 동작구 사당동 1008-1 태성카쎈타,198261.938633463,442267.018758587
8589935168,11590,동작구,영업,"",기타,95.00,서울특별시 동작구 사당동 1031-24,198233.48497169,441808.553923544
8589935169,11590,동작구,영업,"",분식,46.44,서울특별시 동작구 상도동 204-40,194719.140527681,444390.46329033
8589935170,11590,동작구,영업,"",한식,40.00,서울특별시 동작구 신대방동 364-43 이화피아노,193009.646195855,443820.865272281
8589935171,11590,동작구,영업,"",기타,75.64,서울특별시 동작구 사당동 79-29,198353.622717679,443158.276258876
8589935172,11590,동작구,영업,"",기타,65.83,서울특별시 동작구 흑석동 336 흑석한강푸르지오,196874.591319262,444555.900566914
8589935173,11590,동작구,영업,"",치킨,36.98,서울특별시 동작구 흑석동 158-1 아크로리버하임,196521.016637758,445316.118375161
8589935174,11590,동작구,영업,"",치킨,23.00,서울특별시 동작구 사당동 128-47,198159.981001106,442880.463457457
8589935175,11590,동작구,영업,"",횟집,127.63,서울특별시 동작구 상도동 495-2,195896.264736101,443640.512567117
8589935176,11590,동작구,영업,"",기타,86.00,서울특별시 동작구 상도동 489-6 벽담빌딩,195820.513467462,443752.66753307
8589935177,11590,동작구,영업,"",기타,35.00,서울특별시 동작구 사당동 267-36 근생및다가구,197371.307038634,442387.038533688
8589935178,11590,동작구,영업,"",기타,21.80,서울특별시 동작구 흑석동 54-136,196685.412635423,444995.89800399
8589935179,11590,동작구,영업,"",기타,53.00,서울특별시 동작구 상도동 315-22,193893.763978103,444126.468456081
8589935180,11590,동작구,영업,"",한식,57.61,서울특별시 동작구 노량진동 258-32,194399.402143847,445562.990997436
8589935181,11590,동작구,영업,"",일식,42.19,서울특별시 동작구 상도동 298-71,193837.591448989,443804.181000174
8589935182,11590,동작구,영업,"",치킨,25.13,서울특별시 동작구 상도동 534 상도더샵 2차,194930.197108036,444488.107581263
8589935183,11590,동작구,영업,"",기타,237.72,서울특별시 동작구 흑석동 97-2 명수대아파트,196598.04833644,445014.002982422
8589935184,11590,동작구,영업,"",기타,21.00,서울특별시 동작구 사당동 77-10,198217.976559695,443083.584620971
8589935185,11590,동작구,영업,"",한식,22.00,서울특별시 동작구 노량진동 117-31,195067.46059735,445633.384603695
8589935186,11590,동작구,영업,"",기타,75.06,서울특별시 동작구 대방동 385-15 남경빌딩,193068.629290662,444695.247669
8589935187,11590,동작구,영업,"",한식,24.00,서울특별시 동작구 노량진동 325 신동아리버파크아파트,195078.236176484,445024.485155695
8589935188,11590,동작구,영업,"",한식,27.40,서울특별시 동작구 사당동 1013-14,197870.258423935,442312.433316808
8589935189,11590,동작구,영업,"",양식,70.32,서울특별시 동작구 상도동 184-21,194627.126875667,444465.060581954
8589935190,11590,동작구,영업,"",한식,66.00,서울특별시 동작구 상도동 493-9,195871.905226654,443612.771681641
8589935191,11590,동작구,영업,"",한식,33.00,서울특별시 동작구 사당동 141-45,198129.395410831,442675.633311562
8589935192,11590,동작구,영업,"",분식,8.25,서울특별시 동작구 대방동 389-19,193029.242870391,444597.567892429
8589935193,11590,동작구,영업,"",치킨,98.51,서울특별시 동작구 사당동 265-18,197585.477466735,442388.751733962
8589935194,11590,동작구,영업,"",한식,50.91,서울특별시 동작구 상도동 355-15,194114.569721239,444383.767052158
8589935195,11590,동작구,영업,"",기타,14.72,서울특별시 동작구 노량진동 119-16,194976.235932054,445553.794564362
8589935196,11590,동작구,영업,"",한식,16.00,서울특별시 동작구 상도동 463-2,195634.200150959,444147.145654118
8589935197,11590,동작구,영업,"",한식,34.84,서울특별시 동작구 상도동 494-1,195843.457941567,443694.037416975
8589935198,11590,동작구,영업,"",양식,27.00,서울특별시 동작구 사당동 300-78,197413.504922551,442032.773203182
8589935199,11590,동작구,영업,"",한식,34.84,서울특별시 동작구 상도동 494-1,195843.457941567,443694.037416975
8589935200,11590,동작구,영업,"",기타,22.79,서울특별시 동작구 상도동 455 상도동래미안(1차)아파트,194219.201792642,444880.903466886
8589935201,11590,동작구,영업,"",양식,146.52,서울특별시 동작구 사당동 137-11,198277.18233579,442703.461573073
8589935202,11590,동작구,영업,"",분식,34.86,서울특별시 동작구 상도동 324-16,193824.929142847,444124.62209496
8589935203,11590,동작구,영업,"",한식,89.95,서울특별시 동작구 사당동 89-6 새소망믿음기도원,198278.95173861,442952.569017669
8589935204,11590,동작구,영업,"",한식,25.00,서울특별시 동작구 사당동 1008-1,198261.938633463,442267.018758587
8589935205,11590,동작구,영업,"",한식,13.23,서울특별시 동작구 노량진동 307-9,194569.048526184,445150.720105023
8589935206,11590,동작구,영업,"",한식,32.00,서울특별시 동작구 사당동 89-30,198270.21622638,443053.431456377
8589935207,11590,동작구,영업,"",한식,36.36,서울특별시 동작구 흑석동 97-6,196624.578896936,444980.106135956
8589935208,11590,동작구,영업,"",한식,120.28,서울특별시 동작구 대방동 385-21,193080.508357976,444733.032324805
8589935209,11590,동작구,영업,"",한식,21.60,서울특별시 동작구 신대방동 705 아파트,193498.730079784,443833.932921653
8589935210,11590,동작구,영업,"",기타,62.65,서울특별시 동작구 흑석동 43-125,196824.619237106,445010.683879845
8589935211,11590,동작구,영업,"",기타,68.86,서울특별시 동작구 노량진동 308-5,194618.057443486,445174.308114514
8589935212,11590,동작구,영업,"",한식,192.77,서울특별시 동작구 노량진동 267-6,194150.273674938,445628.940499705
8589935213,11590,동작구,영업,"",중식,73.00,서울특별시 동작구 노량진동 59-29,194787.33991322,445690.237396228
8589935214,11590,동작구,영업,"",한식,92.07,서울특별시 동작구 사당동 89-21,198311.76492213,442990.515896041
8589935215,11590,동작구,영업,"",양식,26.00,서울특별시 동작구 신대방동 607-24,191882.052202649,443070.459253007
8589935216,11590,동작구,영업,"",한식,42.50,서울특별시 동작구 대방동 407-31,193518.067001069,444123.509674298
8589935217,11590,동작구,영업,"",한식,42.50,서울특별시 동작구 대방동 407-31,193518.067001069,444123.509674298
8589935218,11590,동작구,영업,"",일식,20.00,서울특별시 동작구 본동 411-1,195569.729556844,445500.342269145
8589935219,11590,동작구,영업,"",한식,283.65,서울특별시 동작구 동작동 산 41-2 국립서울현충원,197169.288395329,444523.104084003
8589935220,11590,동작구,영업,"",양식,66.98,서울특별시 동작구 사당동 140-22,198192.883794256,442760.607282142
8589935221,11590,동작구,영업,"",양식,36.30,서울특별시 동작구 흑석동 93-59,196680.304646901,444626.086964893
8589935222,11590,동작구,영업,"",한식,19.85,서울특별시 동작구 상도동 465-1 동원베스트타운,195673.866203317,444131.176957643
8589935223,11590,동작구,영업,"",치킨,45.16,서울특별시 동작구 흑석동 341 아크로리버하임,196512.856721884,445412.540015358
8589935224,11590,동작구,영업,"",한식,33.00,서울특별시 동작구 사당동 1012-1 대성빌딩,197891.763935322,442287.915036513
8589935225,11590,동작구,영업,"",한식,33.30,서울특별시 동작구 흑석동 274,197358.52537006,444802.895620486
8589935226,11590,동작구,영업,"",한식,46.13,서울특별시 동작구 대방동 407-38,193540.522788753,444117.032494836
8589935227,11590,동작구,영업,"",기타,52.56,서울특별시 동작구 사당동 1037-17,197988.258004406,441724.168994744
8589935228,11590,동작구,영업,"",한식,33.00,서울특별시 동작구 신대방동 607-55,191848.400994708,443098.476731384
8589935229,11590,동작구,영업,"",한식,22.00,서울특별시 동작구 사당동 139-19,198194.818545149,442802.681455123
8589935230,11590,동작구,영업,"",한식,46.20,서울특별시 동작구 사당동 312-5,197483.149753859,442126.48121755
8589935231,11590,동작구,영업,"",한식,46.13,서울특별시 동작구 대방동 407-38,193540.522788753,444117.032494836
8589935232,11590,동작구,영업,"",양식,33.00,서울특별시 동작구 상도1동 624,195443.870393594,444678.682789983
8589935233,11590,동작구,영업,"",기타,56.20,서울특별시 동작구 사당동 1034-15,197992.889712857,441867.129574643
8589935234,11590,동작구,영업,"",한식,14.00,서울특별시 동작구 상도동 261-35,194179.727949512,443933.885764863
8589935235,11590,동작구,영업,"",기타,13.20,서울특별시 동작구 상도동 314-16,193961.83374992,444158.88172048
8589935236,11590,동작구,영업,"",한식,72.60,서울특별시 동작구 상도1동 624,195443.870393594,444678.682789983
8589935237,11590,동작구,영업,"",한식,71.04,서울특별시 동작구 대방동 17-20 지원빌딩,193947.700409483,445210.645554797
8589935238,11590,동작구,영업,"",한식,24.00,서울특별시 동작구 노량진동 288-4,194280.313142767,445348.640507686
8589935239,11590,동작구,영업,"",치킨,37.06,서울특별시 동작구 사당동 1159 래미안 로이파크,197566.754740833,442846.382695267
8589935240,11590,동작구,영업,"",중식,27.00,서울특별시 동작구 상도동 188-29,194403.697290434,444303.475454064
8589935241,11590,동작구,영업,"",한식,24.00,서울특별시 동작구 사당동 249-26,197282.900004999,442423.993223926
8589935242,11590,동작구,영업,"",한식,39.00,서울특별시 동작구 노량진동 50-2,194668.041933278,445546.230567019
8589935243,11590,동작구,영업,"",한식,24.62,서울특별시 동작구 상도동 499-14,196068.881544725,443584.47371222
8589935244,11590,동작구,영업,"",기타,35.00,서울특별시 동작구 상도동 303-1,193780.634792617,443865.643016182
8589935245,11590,동작구,영업,"",한식,67.64,서울특별시 동작구 상도동 505-11,196152.808514685,443633.612674497
8589935246,11590,동작구,영업,"",한식,82.50,서울특별시 동작구 노량진동 126-14,195067.845312058,445650.010537195
8589935247,11590,동작구,영업,"",한식,49.50,서울특별시 동작구 노량진동 126-14,195067.845312058,445650.010537195
8589935248,11590,동작구,영업,"",기타,71.52,서울특별시 동작구 사당동 145-13,198246.836264751,442635.122817876
8589935249,11590,동작구,영업,"",분식,18.12,서울특별시 동작구 신대방동 565 우성쇼핑,192113.200600983,443344.373525343
8589935250,11590,동작구,영업,"",횟집,21.00,서울특별시 동작구 사당동 1030-12,198264.538218364,441983.947882572
8589935251,11590,동작구,영업,"",한식,63.46,서울특별시 동작구 상도동 499,196069.655467597,443594.909426846
8589935252,11590,동작구,영업,"",한식,18.48,서울특별시 동작구 대방동 394-2 진성마블로스,193524.249746013,444197.740474193
8589935253,11590,동작구,영업,"",일식,16.50,서울특별시 동작구 대방동 393-62,193556.22254697,444246.364147406
8589935254,11590,동작구,영업,"",한식,16.50,서울특별시 동작구 사당동 141-24,198141.617685504,442715.937689914
8589935255,11590,동작구,영업,"",한식,66.00,서울특별시 동작구 상도1동 666-3,195386.50201957,444550.770001234
8589935256,11590,동작구,영업,"",기타,212.40,서울특별시 동작구 사당동 139-72,198253.418746566,442769.114346273
8589935257,11590,동작구,영업,"",치킨,27.00,서울특별시 동작구 사당동 269-30,197386.501915898,442378.221193992
8589935258,11590,동작구,영업,"",기타,30.00,서울특별시 동작구 대방동 335-15,193671.373369791,444190.670451071
8589935259,11590,동작구,영업,"",기타,18.00,서울특별시 동작구 사당동 150-14,197998.977492969,442530.225836018
8589935260,11590,동작구,영업,"",한식,22.97,서울특별시 동작구 흑석동 54-149,196666.82650366,444949.283676454
8589935261,11590,동작구,영업,"",한식,94.76,서울특별시 동작구 사당동 1017-24 은창빌딩,198093.08048393,442169.669823537
8589935262,11590,동작구,영업,"",기타,34.00,서울특별시 동작구 사당동 89-26,198284.751826686,442973.751449966
8589935263,11590,동작구,영업,"",기타,50.00,서울특별시 동작구 흑석동 97-4,196639.685643478,444970.554262655
8589935264,11590,동작구,영업,"",일식,58.19,서울특별시 동작구 상도동 535 상도2차두산위브트레지움아파트,194870.38438442,444631.112679216
8589935265,11590,동작구,영업,"",분식,41.96,서울특별시 동작구 상도동 159-221,195211.023983238,444456.106533885
8589935266,11590,동작구,영업,"",기타,433.88,서울특별시 동작구 사당동 139-30 지안플라자,198293.498296993,442793.615509761
8589935267,11590,동작구,영업,"",치킨,118.32,서울특별시 동작구 상도동 486-3 준콤숭실빌딩,195778.223517895,443919.044414204
8589935268,11590,동작구,영업,"",한식,52.88,서울특별시 동작구 흑석동 223-33,196360.420931164,444965.922501571
8589935269,11590,동작구,영업,"",기타,20.00,서울특별시 동작구 상도동 534 상도더샵 2차,194930.197108036,444488.107581263
8589935270,11590,동작구,영업,"",기타,20.00,서울특별시 동작구 상도동 487-11,195843.348945073,443875.004044426
8589935271,11590,동작구,영업,"",기타,32.00,서울특별시 동작구 사당동 150-13,198017.495419517,442528.830907198
8589935272,11590,동작구,영업,"",기타,83.00,서울특별시 동작구 사당동 147-41,198244.58066852,442582.612937756
8589935273,11590,동작구,영업,"",외국음식전문점,26.40,서울특별시 동작구 사당동 316-31,197571.141945419,442040.005369036
8589935274,11590,동작구,영업,"",양식,32.41,서울특별시 동작구 노량진동 325-4 신동아리버파크빌,195173.416930025,445112.842985141
8589935275,11590,동작구,영업,"",한식,25.00,서울특별시 동작구 상도동 207-1,194936.776663347,444154.877105126
8589935276,11590,동작구,영업,"",기타,28.43,서울특별시 동작구 노량진동 35-1,194379.681201536,445604.451764422
8589935277,11590,동작구,영업,"",한식,28.00,서울특별시 동작구 상도동 328-10,193643.020205528,444066.052898656
8589935278,11590,동작구,영업,"",한식,36.20,서울특별시 동작구 노량진동 264-5,194290.990768382,445610.56804769
8589935279,11590,동작구,영업,"",기타,15.75,서울특별시 동작구 흑석동 101-3 서울흑석동우체국,196602.581299978,445130.265763817
8589935280,11590,동작구,영업,"",기타,20.00,서울특별시 동작구 흑석동 26-2 블루스톤스포츠,197089.735964746,444960.907792011
8589935281,11590,동작구,영업,"",한식,43.00,서울특별시 동작구 상도동 299-58,193790.522909976,443823.890954949
8589935282,11590,동작구,영업,"",중식,89.58,서울특별시 동작구 사당동 1031-19,198235.315111064,441849.20877159
8589935283,11590,동작구,영업,"",한식,20.58,서울특별시 동작구 사당동 267-4,197479.773005391,442310.312496286
8589935284,11590,동작구,영업,"",한식,15.77,서울특별시 동작구 노량진동 13-6 노량진수산물도매시장,194346.156670595,445823.500892497
8589935285,11590,동작구,영업,"",한식,22.63,서울특별시 동작구 신대방동 360-25,193223.961257787,443874.947409176
8589935286,11590,동작구,영업,"",한식,33.00,서울특별시 동작구 사당동 141-45,198129.395410831,442675.633311562
8589935287,11590,동작구,영업,"",한식,45.00,서울특별시 동작구 사당동 150-9,198067.167154201,442500.530552296
8589935288,11590,동작구,영업,"",기타,29.70,서울특별시 동작구 상도동 477-3,195706.806859913,444007.850792374
8589935289,11590,동작구,영업,"",기타,43.42,서울특별시 동작구 노량진동 112-3,194975.048225952,445755.68326333
8589935290,11590,동작구,영업,"",기타,39.05,서울특별시 동작구 신대방동 395-67 롯데타워,193140.052317678,443178.674686446
8589935291,11590,동작구,영업,"",기타,196.05,서울특별시 동작구 사당동 86-1,198338.893662684,443012.551555173
8589935292,11590,동작구,영업,"",한식,34.02,서울특별시 동작구 상도동 359-3,194319.324671288,444686.755564195
8589935293,11590,동작구,영업,"",한식,26.00,서울특별시 동작구 신대방동 344-258,193487.189062358,443642.024911874
8589935294,11590,동작구,영업,"",기타,197.00,서울특별시 동작구 상도동 315-38,193919.891629246,444132.31730622
8589935295,11590,동작구,영업,"",양식,21.13,서울특별시 동작구 대방동 375-73,193350.253596871,444523.836041173
8589935296,11590,동작구,영업,"",한식,20.00,서울특별시 동작구 대방동 407-31,193518.067001069,444123.509674298
8589935297,11590,동작구,영업,"",기타,23.00,서울특별시 동작구 사당동 708-446,198159.671808495,442573.837996825
8589935298,11590,동작구,영업,"",한식,57.34,서울특별시 동작구 사당동 150-6,198062.945467741,442513.501547859
8589935299,11590,동작구,영업,"",기타,25.53,서울특별시 동작구 대방동 41 신한토탈아파트,194019.941299525,445521.66510258
8589935300,11590,동작구,영업,"",한식,45.95,서울특별시 동작구 상도동 492-23,195828.688093973,443676.781074895
8589935301,11590,동작구,영업,"",한식,34.31,서울특별시 동작구 사당동 84-7,198328.849512449,443096.053947152
8589935302,11590,동작구,영업,"",기타,21.00,서울특별시 동작구 사당동 169-8 대림아파트,197545.985381694,442685.886949892
8589935303,11590,동작구,영업,"",한식,26.00,서울특별시 동작구 상도1동 804-1,195365.986656394,444373.185375924
8589935304,11590,동작구,영업,"",한식,28.75,서울특별시 동작구 상도동 259-89,194129.651017236,444001.815176738
8589935305,11590,동작구,영업,"",한식,40.48,서울특별시 동작구 사당동 318-42,197678.088827451,442207.968682299
8589935306,11590,동작구,영업,"",기타,50.92,서울특별시 동작구 사당동 89-13,198290.035449264,443012.301899455
8589935307,11590,동작구,영업,"",한식,96.00,서울특별시 동작구 대방동 501 대림아파트,193273.484014052,445011.250115029
8589935308,11590,동작구,영업,"",기타,21.26,서울특별시 동작구 흑석동 204-98,196033.493114403,445141.817713582
8589935309,11590,동작구,영업,"",기타,78.85,서울특별시 동작구 신대방동 364-2 더룩스 보라매,193048.362266327,443932.255928758
8589935310,11590,동작구,영업,"",기타,20.00,서울특별시 동작구 상도동 314-16,193961.83374992,444158.88172048
8589935311,11590,동작구,영업,"",한식,59.55,서울특별시 동작구 신대방동 591-57,191871.706824958,443107.147500278
8589935312,11590,동작구,영업,"",기타,51.61,서울특별시 동작구 상도1동 509-2,195643.191135418,444999.626423783
8589935313,11590,동작구,영업,"",치킨,61.83,서울특별시 동작구 상도동 204-3,194823.405111154,444217.291354463
8589935314,11590,동작구,영업,"",기타,17.28,서울특별시 동작구 상도동 358-15,194217.497606154,444612.59147173
8589935315,11590,동작구,영업,"",한식,82.81,서울특별시 동작구 상도동 346-9,193955.037816751,444238.343562503
8589935316,11590,동작구,영업,"",기타,66.60,서울특별시 동작구 사당동 139-53,198224.040500997,442777.590478178
8589935317,11590,동작구,영업,"",기타,26.40,서울특별시 동작구 상도동 210-44,194914.668127994,444034.247740213
8589935318,11590,동작구,영업,"",한식,33.00,서울특별시 동작구 사당동 89-56,198263.652341622,442957.079931516
8589935319,11590,동작구,영업,"",한식,44.38,서울특별시 동작구 사당동 89-56,198263.652341622,442957.079931516
8589935320,11590,동작구,영업,"",한식,16.67,서울특별시 동작구 신대방동 692-63,192165.059933264,442830.803973872
8589935321,11590,동작구,영업,"",치킨,39.00,서울특별시 동작구 노량진동 258-32,194399.402143847,445562.990997436
8589935322,11590,동작구,영업,"",기타,37.06,서울특별시 동작구 사당동 1159 래미안 로이파크,197566.754740833,442846.382695267
8589935323,11590,동작구,영업,"",횟집,132.23,서울특별시 동작구 대방동 339-1 솔표빌딩,193639.332709567,445637.87823237
8589935324,11590,동작구,영업,"",기타,68.26,서울특별시 동작구 사당동 1006-2,198148.493247408,442439.399286906
8589935325,11590,동작구,영업,"",한식,9.52,서울특별시 동작구 상도동 243-26,194167.92360895,444274.597415425
8589935326,11590,동작구,영업,"",한식,17.76,서울특별시 동작구 신대방동 686-36,191647.259479634,442659.01074091
8589935327,11590,동작구,영업,"",한식,72.60,서울특별시 동작구 대방동 344-5,193437.809432005,445464.5296553
8589935328,11590,동작구,영업,"",한식,53.76,서울특별시 동작구 상도동 210-16,194979.183433692,443982.898298607
8589935329,11590,동작구,영업,"",한식,26.00,서울특별시 동작구 상도동 299-88,193827.44297238,443761.862897567
8589935330,11590,동작구,영업,"",치킨,33.00,서울특별시 동작구 신대방동 342-31 성진빌딩,193559.877839997,443804.016135151
8589935331,11590,동작구,영업,"",분식,21.28,서울특별시 동작구 사당동 265-32,197513.993815686,442383.152527465
8589935332,11590,동작구,영업,"",기타,28.00,서울특별시 동작구 상도동 372-1,194635.244224031,444750.169171013
8589935333,11590,동작구,영업,"",기타,42.90,서울특별시 동작구 상도동 298-13,193815.298078071,443836.365301538
8589935334,11590,동작구,영업,"",한식,40.00,서울특별시 동작구 상도동 20-8,195266.125175971,444837.21304037
8589935335,11590,동작구,영업,"",한식,342.48,서울특별시 동작구 신대방동 395-66 보라매삼성쉐르빌,193153.177033349,443251.121433059
8589935336,11590,동작구,영업,"",기타,32.34,서울특별시 동작구 상도1동 643,195589.536720988,444707.445532349
8589935337,11590,동작구,영업,"",한식,43.00,서울특별시 동작구 사당동 708-448,198196.218280517,442608.176549177
8589935338,11590,동작구,영업,"",한식,69.00,서울특별시 동작구 흑석동 223-20,196345.47284656,444960.963176104
8589935339,11590,동작구,영업,"",일식,48.75,서울특별시 동작구 노량진동 16-1 노량진 드림스퀘어 복합빌딩,194571.152376388,445790.549860682
8589935340,11590,동작구,영업,"",일식,49.53,서울특별시 동작구 노량진동 16-1 노량진 드림스퀘어 복합빌딩,194571.152376388,445790.549860682
8589935341,11590,동작구,영업,"",기타,48.00,서울특별시 동작구 대방동 416-4 대방 대신B/D,192959.976317788,444114.701270814
8589935342,11590,동작구,영업,"",한식,106.18,서울특별시 동작구 노량진동 70-15,194867.280124303,445692.196103762
8589935343,11590,동작구,영업,"",한식,33.00,서울특별시 동작구 상도동 214-131 파크빌딩,194998.391832094,443890.961306587
8589935344,11590,동작구,영업,"",기타,46.20,서울특별시 동작구 사당동 1007-13 메종슈에뜨이수,198268.401738734,442392.62252569
8589935345,11590,동작구,영업,"",한식,25.00,서울특별시 동작구 신대방동 644-7,192246.980887515,442869.42573809
8589935346,11590,동작구,영업,"",한식,99.00,서울특별시 동작구 대방동 399-7,192941.295408819,444213.695709378
8589935347,11590,동작구,영업,"",한식,45.00,서울특별시 동작구 상도동 210-91,194845.451670246,444084.913416264
8589935348,11590,동작구,영업,"",분식,35.42,서울특별시 동작구 흑석동 194-16,196290.897170276,445015.3325058
8589935349,11590,동작구,영업,"",횟집,43.68,서울특별시 동작구 사당동 1044-10,198064.002849883,441673.103634257
8589935350,11590,동작구,영업,"",외국음식전문점,44.00,서울특별시 동작구 사당동 38-4,198364.235287192,443215.230488548
8589935351,11590,동작구,영업,"",치킨,32.50,서울특별시 동작구 노량진동 325 신동아리버파크아파트,195078.236176484,445024.485155695
8589935352,11590,동작구,영업,"",분식,17.80,서울특별시 동작구 상도동 204-29,194737.670267816,444371.687665957
8589935353,11590,동작구,영업,"",한식,39.60,서울특별시 동작구 상도동 210-213,194903.168554786,444021.63376169
8589935354,11590,동작구,영업,"",한식,13.30,서울특별시 동작구 사당동 1005-30,198143.46838056,442300.439092173
8589935355,11590,동작구,영업,"",한식,63.70,서울특별시 동작구 신대방동 344-16 우진빌딩,193532.600274812,443907.905571294
8589935356,11590,동작구,영업,"",한식,220.40,서울특별시 동작구 흑석동 224-1 중앙대학교병원,196469.839776813,444981.937930765
8589935357,11590,동작구,영업,"",한식,13.00,서울특별시 동작구 사당동 265-46,197551.026695285,442286.636862794
8589935358,11590,동작구,영업,"",기타,57.51,서울특별시 동작구 사당동 1004-45,198113.966742812,442303.067982921
8589935359,11590,동작구,영업,"",한식,26.40,서울특별시 동작구 상도동 354-19,194086.851129358,444421.062951536
8589935360,11590,동작구,영업,"",일식,30.00,서울특별시 동작구 사당동 306-3,197415.5143691,441978.363722262
8589935361,11590,동작구,영업,"",한식,40.00,서울특별시 동작구 사당동 1030-20,198279.266223055,442017.925073828
8589935362,11590,동작구,영업,"",분식,30.00,서울특별시 동작구 상도동 156-22,195079.824320542,444621.533550171
8589935363,11590,동작구,영업,"",양식,99.65,서울특별시 동작구 대방동 394-26 리안,193480.762598473,444218.716660803
8589935364,11590,동작구,영업,"",한식,25.57,서울특별시 동작구 흑석동 190-5,196381.393852055,445057.99586747
8589935365,11590,동작구,영업,"",한식,88.80,서울특별시 동작구 상도1동 624,195443.870393594,444678.682789983
8589935366,11590,동작구,영업,"",분식,21.84,서울특별시 동작구 신대방동 708 해태보라매타워,193279.599095483,443230.418234155
8589935367,11590,동작구,영업,"",한식,54.61,서울특별시 동작구 사당동 89-69 삼성상가,198240.692006371,442895.230035951
8589935368,11590,동작구,영업,"",치킨,12.34,서울특별시 동작구 노량진동 16-1 노량진 드림스퀘어 복합빌딩,194571.152376388,445790.549860682
8589935369,11590,동작구,영업,"",한식,20.22,서울특별시 동작구 신대방동 708 해태보라매타워,193279.599095483,443230.418234155
8589935370,11590,동작구,영업,"",한식,28.00,서울특별시 동작구 상도동 355-18,194092.314410386,444330.473857332
8589935371,11590,동작구,영업,"",기타,79.29,서울특별시 동작구 노량진동 16-1 노량진 드림스퀘어 복합빌딩,194571.152376388,445790.549860682
8589935372,11590,동작구,영업,"",한식,79.33,서울특별시 동작구 사당동 1007-13 메종슈에뜨이수,198268.401738734,442392.62252569
8589935373,11590,동작구,영업,"",일식,44.55,서울특별시 동작구 상도동 214-107,195062.494845383,443893.855602788
8589935374,11590,동작구,영업,"",기타,44.66,서울특별시 동작구 흑석동 341 아크로리버하임,196512.856721884,445412.540015358
8589935375,11590,동작구,영업,"",기타,202.88,서울특별시 동작구 대방동 340-3 여성가족복합시설 스페이스살림,193567.129806476,445574.102705065
8589935376,11590,동작구,영업,"",기타,35.60,서울특별시 동작구 노량진동 41-5,194450.938572637,445665.826651026
8589935377,11590,동작구,영업,"",기타,10.00,서울특별시 동작구 사당동 1037-17,197988.258004406,441724.168994744
8589935378,11590,동작구,영업,"",기타,49.60,서울특별시 동작구 사당동 272-38,197370.868048891,442302.985375821
8589935379,11590,동작구,영업,"",한식,8.00,서울특별시 동작구 대방동 409-21,193255.299015723,444059.216625031
8589935380,11590,동작구,영업,"",기타,28.84,서울특별시 동작구 사당동 1006-20,198137.759449433,442421.230560468
8589935381,11590,동작구,영업,"",일식,146.28,서울특별시 동작구 흑석동 190-18,196403.004552412,445044.429116605
8589935382,11590,동작구,영업,"",한식,23.80,서울특별시 동작구 사당동 1037-4,197969.46996173,441785.829300489
8589935383,11590,동작구,영업,"",기타,66.03,서울특별시 동작구 신대방동 719 동작상떼빌아파트,191691.678396263,442818.113681285
8589935384,11590,동작구,영업,"",일식,118.30,서울특별시 동작구 대방동 407-10,192919.705571216,444025.418072484
8589935385,11590,동작구,영업,"",한식,29.34,서울특별시 동작구 상도동 214-125,194963.344340197,443758.686334214
8589935386,11590,동작구,영업,"",한식,23.00,서울특별시 동작구 사당동 1032-45,198124.336387324,441828.540978652
8589935387,11590,동작구,영업,"",분식,44.06,서울특별시 동작구 상도동 535 상도2차두산위브트레지움아파트,194870.38438442,444631.112679216
8589935388,11590,동작구,영업,"",한식,20.00,서울특별시 동작구 신대방동 691-34,192095.363410035,442866.183394208
8589935389,11590,동작구,영업,"",외국음식전문점,31.00,서울특별시 동작구 사당동 1005-30,198143.46838056,442300.439092173
8589935390,11590,동작구,영업,"",일식,112.17,서울특별시 동작구 상도동 29-118,195023.847333015,444727.309046433
8589935391,11590,동작구,영업,"",기타,95.80,서울특별시 동작구 사당동 324-14 유창빌딩,197776.766379637,442382.524276988
8589935392,11590,동작구,영업,"",일식,73.17,서울특별시 동작구 사당동 132-6,198251.065729665,442827.775034333
8589935393,11590,동작구,영업,"",기타,59.00,서울특별시 동작구 상도동 368-11,194524.424099884,444693.586536328
8589935394,11590,동작구,영업,"",일식,172.61,서울특별시 동작구 신대방동 395-62 삼성보라매옴니타워,193176.63667583,443379.17134595
8589935395,11590,동작구,영업,"",기타,388.40,서울특별시 동작구 사당동 708-435,198247.5751802,442681.816492266
8589935396,11590,동작구,영업,"",한식,21.09,서울특별시 동작구 상도동 182-7,194590.91221514,444516.434703193
8589935397,11590,동작구,영업,"",기타,81.81,서울특별시 동작구 상도동 7-136,195796.402483896,444737.003261831
8589935398,11590,동작구,영업,"",한식,43.46,서울특별시 동작구 노량진동 222-15,195160.59754087,445336.42539826
8589935399,11590,동작구,영업,"",기타,36.18,서울특별시 동작구 흑석동 341 아크로리버하임,196512.856721884,445412.540015358
8589935400,11590,동작구,영업,"",기타,33.00,서울특별시 동작구 상도1동 737-1 제일상회,195280.832225078,444499.775568052
8589935401,11590,동작구,영업,"",한식,66.00,서울특별시 동작구 사당동 138 두원빌라및상가,198220.015847239,442711.899818825
8589935402,11590,동작구,영업,"",분식,31.60,서울특별시 동작구 사당동 161-106,197883.192647317,442658.509350103
8589935403,11590,동작구,영업,"",치킨,32.00,서울특별시 동작구 노량진동 206-20,195172.752208722,445547.750991946
8589935404,11590,동작구,영업,"",일식,56.70,서울특별시 동작구 사당동 226-14,197130.136122627,442617.16820397
8589935405,11590,동작구,영업,"",일식,48.02,서울특별시 동작구 사당동 147-29 이수자이,198202.472533419,442471.241038085
8589935406,11590,동작구,영업,"",한식,30.00,서울특별시 동작구 상도동 500-18,195973.926158486,443627.582814921
8589935407,11590,동작구,영업,"",외국음식전문점,54.00,서울특별시 동작구 사당동 127-40,198041.162650851,442932.200723388
8589935408,11590,동작구,영업,"",한식,25.00,서울특별시 동작구 사당동 91-175,198219.781154396,442943.794241945
8589935409,11590,동작구,영업,"",한식,93.96,서울특별시 동작구 상도동 492-19,195820.883027373,443708.638935013
8589935410,11590,동작구,영업,"",한식,43.89,서울특별시 동작구 상도동 436 래미안상도3차아파트,195766.388348198,444020.397472042
8589935411,11590,동작구,영업,"",일식,39.20,서울특별시 동작구 흑석동 332 이랜드해가든,196587.030630143,444939.455414947
8589935412,11590,동작구,영업,"",기타,14.06,서울특별시 동작구 대방동 402-31,193090.804232669,444143.406350978
8589935413,11590,동작구,영업,"",한식,20.00,서울특별시 동작구 상도동 314-16,193961.83374992,444158.88172048
8589935414,11590,동작구,영업,"",기타,22.00,서울특별시 동작구 신대방동 644-1,192253.308978021,442874.537394147
8589935415,11590,동작구,영업,"",한식,35.52,서울특별시 동작구 상도동 235-37 상현빌딩,194606.306487638,444102.276717885
8589935416,11590,동작구,영업,"",치킨,86.34,서울특별시 동작구 신대방동 607-14,191837.75045163,443107.985350779
8589935417,11590,동작구,영업,"",치킨,29.16,서울특별시 동작구 대방동 391-237,193346.835664286,444502.401526727
8589935418,11590,동작구,영업,"",한식,33.16,서울특별시 동작구 노량진동 117-21,195039.652960661,445611.009979433
8589935419,11590,동작구,영업,"",한식,33.06,서울특별시 동작구 노량진동 119-213,195068.920265606,445481.923892566
8589935420,11590,동작구,영업,"",기타,88.38,서울특별시 동작구 사당동 1019-42,198294.141170686,442119.155326335
8589935421,11590,동작구,영업,"",기타,50.00,서울특별시 동작구 신대방동 692-26,192066.829417081,442798.55293599
8589935422,11590,동작구,영업,"",한식,71.00,서울특별시 동작구 상도동 195-31,194333.569227575,444479.726823475
8589935423,11590,동작구,영업,"",중식,145.48,서울특별시 동작구 흑석동 190-4,196391.554210718,445050.999323622
8589935424,11590,동작구,영업,"",분식,26.45,서울특별시 동작구 사당동 91-184,198232.210993962,443021.202067435
8589935425,11590,동작구,영업,"",기타,37.11,서울특별시 동작구 신대방동 719 동작상떼빌아파트,191691.678396263,442818.113681285
8589935426,11590,동작구,영업,"",중식,27.00,서울특별시 동작구 상도동 261-20,194158.678807435,443931.446495041
8589935427,11590,동작구,영업,"",치킨,20.00,서울특별시 동작구 노량진동 90-8,194984.918551293,445578.948078228
8589935428,11590,동작구,영업,"",기타,162.99,서울특별시 동작구 사당동 207-3 인더네이처,197012.229139356,442846.144628355
8589935429,11590,동작구,영업,"",한식,58.80,서울특별시 동작구 흑석동 223-18,196340.622510817,444982.102029127
8589935430,11590,동작구,영업,"",한식,23.14,서울특별시 동작구 사당동 269-2,197338.712873113,442403.986710346
8589935431,11590,동작구,영업,"",기타,17.70,서울특별시 동작구 사당동 1010-18,198176.295349877,442195.525196519
8589935432,11590,동작구,영업,"",한식,59.92,서울특별시 동작구 상도동 7-59,195802.757000978,444765.431905674
8589935433,11590,동작구,영업,"",기타,49.59,서울특별시 동작구 상도1동 587,195623.347746642,444748.22015364
8589935434,11590,동작구,영업,"",기타,41.59,서울특별시 동작구 노량진동 231-152,194612.599899472,445265.707615961
8589935435,11590,동작구,영업,"",분식,21.00,서울특별시 동작구 상도동 210-386 대현빌딩,194953.685034167,443991.11913253
8589935436,11590,동작구,영업,"",중식,29.00,서울특별시 동작구 사당동 218 에스엘빌딩,197109.653717322,442736.968171897
8589935437,11590,동작구,영업,"",한식,30.00,서울특별시 동작구 신대방동 618-3,192244.920379643,442897.952969868
8589935438,11590,동작구,영업,"",일식,23.76,서울특별시 동작구 상도동 256-1,194059.153780034,444047.302097258
8589935439,11590,동작구,영업,"",기타,33.74,서울특별시 동작구 상도동 22-118,195193.194077824,444782.210579096
8589935440,11590,동작구,영업,"",기타,81.82,서울특별시 동작구 사당동 324-2 나무온스퀘어,197856.681423246,442402.114054335
8589935441,11590,동작구,영업,"",기타,37.37,서울특별시 동작구 상도동 903 e편한세상 상도 노빌리티,"",""
8589935442,11590,동작구,영업,"",기타,124.74,서울특별시 동작구 노량진동 118-8,195027.411644724,445593.525984032
8589935443,11590,동작구,영업,"",분식,75.93,서울특별시 동작구 상도동 7-84 대학로빌딩,195786.034681532,444735.482597421
8589935444,11590,동작구,영업,"",중식,36.53,서울특별시 동작구 신대방동 719 동작상떼빌아파트,191691.678396263,442818.113681285
8589935445,11590,동작구,영업,"",일식,23.48,서울특별시 동작구 신대방동 706 보라매우성아파트,193311.831569946,443352.67250352
8589935446,11590,동작구,영업,"",기타,69.40,서울특별시 동작구 대방동 339-1 솔표빌딩,193639.332709567,445637.87823237
8589935447,11590,동작구,영업,"",한식,70.22,서울특별시 동작구 노량진동 124-5,195116.980113162,445540.036686716
8589935448,11590,동작구,영업,"",기타,24.40,서울특별시 동작구 대방동 502 대방동현대아파트현대종합상가,193810.01277159,445610.160717686
8589935449,11590,동작구,영업,"",기타,92.50,서울특별시 동작구 노량진동 231-119,194618.949379111,445254.511878953
8589935450,11590,동작구,영업,"",기타,53.15,서울특별시 동작구 흑석동 341 아크로리버하임,196512.856721884,445412.540015358
8589935451,11590,동작구,영업,"",기타,51.90,서울특별시 동작구 사당동 129-11,198160.280631563,442830.423098052
8589935452,11590,동작구,영업,"",한식,71.00,서울특별시 동작구 상도동 505-7,196098.272784304,443643.9508052
8589935453,11590,동작구,영업,"",한식,65.00,서울특별시 동작구 상도동 250-6 성대빌딩,193992.828977071,444172.462346157
8589935454,11590,동작구,영업,"",한식,104.53,서울특별시 동작구 노량진동 330 삼익주상복합아파트,195079.265528912,445413.288375132
8589935455,11590,동작구,영업,"",한식,39.32,서울특별시 동작구 노량진동 258-20,194396.159235661,445551.987625928
8589935456,11590,동작구,영업,"",일식,52.00,서울특별시 동작구 노량진동 270,194196.877677233,445559.570691167
8589935457,11590,동작구,영업,"",한식,7.80,서울특별시 동작구 상도동 323-4,193712.634420276,444071.460916546
8589935458,11590,동작구,영업,"",일식,30.00,서울특별시 동작구 상도동 328-10,193643.020205528,444066.052898656
8589935459,11590,동작구,영업,"",중식,76.00,서울특별시 동작구 노량진동 16-1 노량진 드림스퀘어 복합빌딩,194571.152376388,445790.549860682
8589935460,11590,동작구,영업,"",분식,27.84,서울특별시 동작구 상도1동 398-1,195492.455409415,444351.492259376
8589935461,11590,동작구,영업,"",기타,33.00,서울특별시 동작구 신대방동 344-45,193483.725461345,443692.537094252
8589935462,11590,동작구,영업,"",기타,20.50,서울특별시 동작구 신대방동 621-2,192238.236754158,442974.235224893
8589935463,11590,동작구,영업,"",기타,25.09,서울특별시 동작구 사당동 1029-37,198221.486615478,442037.886575441
8589935464,11590,동작구,영업,"",기타,198.94,서울특별시 동작구 본동 8-10,196126.00235935,445567.390296432
8589935465,11590,동작구,영업,"",한식,19.80,서울특별시 동작구 노량진동 330 삼익주상복합아파트,195079.265528912,445413.288375132
8589935466,11590,동작구,영업,"",기타,33.74,서울특별시 동작구 사당동 147-29 이수자이,198202.472533419,442471.241038085
8589935467,11590,동작구,영업,"",기타,13.00,서울특별시 동작구 상도1동 646-1,195666.450946451,444724.388896609
8589935468,11590,동작구,영업,"",한식,30.74,서울특별시 동작구 사당동 1037-12,197992.649166293,441745.815941269
8589935469,11590,동작구,영업,"",한식,29.68,서울특별시 동작구 흑석동 50-24,196733.498154399,445072.015058955
